ssn,first_name,last_name,gender,language
100-53-9824,Sebastiano,Tester,Male,Icelandic
101-71-4702,Cayla,MacDonagh,Female,Lao
101-84-0356,Nomi,Lipprose,Female,Yiddish
104-22-0928,Justinian,Kunzelmann,Male,Dhivehi
104-84-7144,Claudianus,Brixey,Male,Afrikaans
105-27-5541,Federico,Aggett,Male,Chinese
105-85-7486,Angelina,McAvey,Female,Punjabi
105-91-5022,Moselle,Apfel,Female,Latvian
105-91-7777,Audi,Roach,Female,Estonian
106-35-1938,Mackenzie,Nussey,Male,Swedish
106-36-3293,Martino,Tregoning,Male,Tok Pisin
110-84-3641,Amberly,Huws,Female,Papiamento
111-35-1034,Giacopo,Timperley,Male,Gagauz
114-06-6912,Jule,Velte,Male,Dutch
114-66-0984,Casandra,Juares,Female,Lithuanian
114-74-8701,Levey,Baradel,Male,Icelandic
116-10-7235,Chiquita,Danbi,Female,Dari
116-77-4915,Herold,Fearon,Male,Italian
117-39-6617,Auroora,Yong,Female,Swahili
117-77-9748,Lucien,Smalman,Male,Hebrew
117-78-6202,Dareen,Jiggins,Female,Polish
118-21-0357,Laina,Bayly,Female,Bulgarian
118-95-7100,Alexi,Leglise,Female,Lithuanian
119-07-8817,Blondie,Powderham,Female,Croatian
120-33-5535,Eugen,Shark,Male,Dhivehi
120-98-4054,Lorry,Hitter,Male,Kazakh
121-98-3948,Sal,Le Lievre,Male,Croatian
123-05-3229,Spenser,Shucksmith,Male,Bosnian
123-62-2832,Kare,Barhams,Female,Tajik
123-88-3381,Christiane,Hynes,Female,Danish
125-07-9434,Florella,Mathevon,Female,Armenian
127-49-2473,Quinta,Rippingall,Female,Haitian Creole
127-52-8001,Wilona,Noirel,Female,Aymara
127-68-4232,Tresa,Verheyden,Female,Icelandic
127-93-3548,Mellicent,Ingham,Female,Lao
128-42-4599,Neddy,O'Griffin,Male,Croatian
128-53-0369,Chucho,Rikel,Male,Croatian
128-53-7952,Tobie,Newhouse,Male,Luxembourgish
128-56-6040,Jinny,Stebbings,Female,Armenian
128-60-4388,Norton,Shailer,Male,Czech
129-67-0291,Danella,Linacre,Female,Dzongkha
131-81-4310,Jemie,Manilo,Female,Finnish
132-26-3507,Shalom,Arendsen,Male,Hindi
134-05-0120,Simone,Cruickshanks,Female,Filipino
135-86-9625,Tilly,Meir,Female,Gagauz
137-13-1889,Tedman,O'Donnelly,Male,Bislama
138-65-4579,Davidson,Gregoraci,Male,Luxembourgish
138-67-1198,Pam,Tofful,Female,Bislama
138-88-5288,Joletta,Babcock,Female,Burmese
139-04-8189,Stirling,Creak,Male,Italian
139-94-5865,Donalt,Plewes,Male,Haitian Creole
139-99-6417,Susanetta,Nazaret,Female,Punjabi
140-33-9727,Price,Butterwick,Male,Belarusian
140-58-8263,Tim,Bergin,Female,Maori
141-15-0543,Candy,Murtagh,Female,Montenegrin
141-88-9721,Cyrille,Capponer,Male,Tswana
142-77-4616,Barron,Victoria,Male,Assamese
142-87-3416,Margaux,Wintringham,Female,Tajik
143-17-4714,Hallie,Jeggo,Female,Greek
145-10-8454,Donny,Laba,Male,Japanese
145-35-5124,Leon,Boyson,Male,Dhivehi
145-78-3985,Baron,Cocci,Male,Mongolian
146-81-3446,Korry,Billham,Female,Hebrew
147-33-1463,Bendicty,Gentry,Male,Papiamento
147-47-8577,Janessa,Growy,Female,Gujarati
147-63-3462,Aime,Di Antonio,Female,Tok Pisin
148-60-7519,Jordan,Readwood,Female,Khmer
149-18-7272,Andrey,Bettley,Male,Papiamento
149-45-6482,Wheeler,Harbottle,Male,Georgian
150-64-6357,Helenka,Summerell,Female,Bosnian
150-89-3343,Bram,Beetlestone,Male,Dzongkha
151-54-3946,Piggy,Fishly,Male,Nepali
151-70-0641,Urbain,Balint,Male,Malagasy
151-78-1397,Portia,Belshaw,Female,Sotho
152-71-3526,Mel,Atkirk,Female,Swedish
153-67-1309,Annelise,Yushin,Female,French
154-17-7912,Ainslee,Branche,Female,Hindi
156-18-7547,Trey,Payne,Male,West Frisian
156-91-6848,Carol,Cromar,Female,Amharic
157-17-9982,Ardyce,Kuhnel,Female,Danish
157-38-7090,Johannes,Bugge,Male,Afrikaans
157-51-5269,Melisse,Petkov,Female,Punjabi
161-36-9710,Melina,MacDavitt,Female,Polish
161-53-4778,Kiri,Ciccone,Female,Kyrgyz
163-68-8070,Vassily,MacCarlich,Male,Filipino
163-98-1022,Babbette,Crystal,Female,Lithuanian
164-11-9849,Clemence,Aujean,Female,Albanian
166-10-4488,Lester,Keyson,Male,Bislama
167-39-2377,Reyna,Ullyatt,Female,Portuguese
168-02-5324,Dane,Cornick,Male,Tajik
168-19-8754,Teddie,Ingliss,Male,Norwegian
168-81-0838,Toby,Pond-Jones,Female,Aymara
168-89-6661,Vergil,Cecere,Male,Tetum
170-65-3388,Salvidor,Larcher,Male,Burmese
171-27-7781,Phillida,Cleeve,Female,Lao
172-23-7739,Everett,Turneaux,Male,Kyrgyz
172-77-4263,Alex,Udie,Male,French
172-89-7546,Trude,Gillson,Female,Norwegian
173-99-7372,Hedwiga,Gee,Female,Danish
174-13-2047,Rey,Dallywater,Female,Zulu
174-35-3812,Sayer,Astling,Male,Kyrgyz
174-51-9992,Drucie,Travers,Female,Swati
174-87-2537,Benton,Nolte,Male,Persian
176-82-1359,Corny,Rothera,Female,Thai
176-99-5851,Olivero,Janse,Male,Moldovan
179-88-2790,Errick,Charsley,Male,Japanese
181-07-4434,Ferdinande,Probet,Female,Catalan
181-28-8337,Fan,Hillyatt,Female,Moldovan
181-88-6077,Ebba,Wozencroft,Female,German
182-15-5082,Lavinie,Niess,Female,Swahili
182-81-4541,Sunny,Ferrarini,Male,Swedish
183-10-5024,Curran,Squires,Male,Romanian
184-60-6243,Fern,Demogeot,Female,Tok Pisin
184-84-1003,Bary,Buzin,Male,Aymara
184-92-3560,Kore,Eastes,Female,Fijian
184-94-5241,Manfred,McCrillis,Male,Swati
185-50-0434,Alexa,Emblin,Female,Quechua
185-84-9868,Shandy,Ilyin,Female,Northern Sotho
186-65-7773,Hazlett,Arney,Male,Marathi
188-20-9317,Clifford,Sedgemore,Male,Thai
188-40-4336,Belita,Camolli,Female,Telugu
189-26-5696,Arnold,Pepis,Male,Tok Pisin
189-49-1458,Vernen,Ivanyushkin,Male,Quechua
190-05-6987,Gorden,Clemonts,Male,West Frisian
190-53-4517,Hadlee,Rohan,Male,Swahili
191-15-3194,Calhoun,Mugford,Male,Thai
192-54-0695,Trev,Ruppeli,Male,Maori
192-67-3201,Edvard,Cattel,Male,Hebrew
194-76-5816,Jacquelynn,Shurey,Female,Amharic
195-23-5731,Talyah,Canny,Female,Portuguese
196-69-3796,Marijo,Tester,Female,Oriya
198-70-6443,Judah,Duggan,Male,Macedonian
199-45-0804,Consolata,Pigram,Female,Guarana
199-54-4639,Ellene,Dowrey,Female,Nepali
200-81-7151,Merilyn,Tink,Female,Bengali
201-53-1249,Jammal,Dohmer,Male,Danish
202-84-1146,Dore,Woodrup,Male,Afrikaans
203-35-7648,Budd,Artiss,Male,Norwegian
205-69-7375,Cacilia,Kneesha,Female,Indonesian
205-87-2423,Oralla,Kearle,Female,Zulu
206-28-6674,Con,Mansbridge,Male,Haitian Creole
206-83-8848,Ardyth,Arger,Female,Gagauz
208-74-2166,Tiebold,Gherarducci,Male,Croatian
208-80-5879,Rockie,Fryd,Male,Korean
209-50-8146,Kenna,Meryett,Female,Czech
209-58-4708,Stephanus,Creboe,Male,Latvian
210-91-4729,Tamarra,Minchella,Female,Greek
211-04-1734,Jeana,Girardeau,Female,Dzongkha
211-13-5247,Wes,Weinberg,Male,French
211-15-5182,Gene,Bassilashvili,Female,Swedish
211-19-6826,Noni,Meynell,Female,Portuguese
212-40-0215,Giffie,Strauss,Male,Azeri
212-41-1496,Agnese,Lawes,Female,Tamil
213-28-1395,Catlaina,Patullo,Female,Bengali
214-29-1189,Chandler,Gonsalvo,Male,Haitian Creole
214-96-8581,Earlie,de Nore,Male,Georgian
214-99-7584,Barny,Witherden,Male,Czech
216-89-3812,Florian,Jaze,Male,Croatian
216-97-3104,Elvira,McDougal,Female,Bislama
217-71-3922,Hayes,Vallentin,Male,Bengali
217-81-5416,Gusta,Cruise,Female,Tsonga
218-14-4448,Keary,Druhan,Male,Dutch
218-25-9873,Westbrooke,Succamore,Male,Fijian
218-31-1615,Trenton,Eggerton,Male,Dari
218-49-7300,Justinn,Sherebrooke,Female,English
220-16-0476,Baxy,Brothwood,Male,Kyrgyz
220-38-0208,Jess,Fulun,Female,Gagauz
222-39-8571,Fidelia,Domonkos,Female,Fijian
223-67-9203,Markus,Radband,Male,Bosnian
223-98-0846,Josy,Hadwick,Female,Papiamento
224-12-3436,Alister,Eakle,Male,Estonian
224-30-9267,Flori,Bagnal,Female,Swedish
224-54-6919,Kelly,Shipman,Male,Icelandic
224-84-2271,Weider,Carlisle,Male,Swedish
224-99-0668,Brandy,Steed,Male,Croatian
225-08-5789,Tamra,Becken,Female,Telugu
225-64-2735,Graig,Rasher,Male,Maltese
226-76-4452,Van,Gervaise,Male,Greek
227-72-7247,Mauricio,Gush,Male,Tajik
228-16-7922,Tabby,Chitty,Male,Spanish
228-55-2042,Jaquith,Durtnel,Female,Czech
228-90-5077,Jonathon,Klugel,Male,Hindi
229-44-9909,Barnabas,Heppenspall,Male,Icelandic
230-09-1794,Xerxes,Mathivon,Male,Danish
230-48-0684,Clay,Peaurt,Male,Dhivehi
230-99-1485,Markus,Revill,Male,Moldovan
231-66-9264,Gisele,Castelow,Female,Hiri Motu
232-18-5397,Clare,McGairl,Female,Bengali
233-27-2377,Arlyne,Stenning,Female,Dari
235-10-3518,Winfield,Purvis,Male,Estonian
236-31-8333,Wendeline,Millins,Female,Kashmiri
236-37-2567,Ariel,Murrigan,Female,West Frisian
237-48-6737,Eal,Ducastel,Male,Indonesian
237-80-7039,Ardyce,Hunn,Female,Maltese
238-13-8034,Estrellita,Heavy,Female,Azeri
238-39-9999,Pauly,Griffin,Female,Georgian
239-09-9133,Tom,Roggeman,Male,Sotho
239-37-4122,Jodee,Elsdon,Female,Guarana
240-08-8805,Gates,McGiffin,Female,Finnish
240-32-8915,Cathee,Tarbard,Female,Papiamento
240-67-6258,Kalina,Lloyds,Female,Hindi
242-22-9624,Felice,Surr,Male,Afrikaans
243-37-9496,Verine,Etchells,Female,Burmese
243-44-4611,Shani,O'Tierney,Female,Aymara
244-34-2210,Lek,Heino,Male,New Zealand Sign Language
244-52-7593,Erda,Paulusch,Female,Gujarati
244-79-3004,Renault,Stollard,Male,Amharic
244-81-0671,Viviyan,Udell,Female,Moldovan
245-60-5880,Oby,Hauxby,Male,French
245-77-4110,Alasdair,McAndrew,Male,Czech
247-08-9326,Minni,Scurman,Female,Kannada
247-86-5288,Lilly,Holby,Female,Bosnian
248-07-9757,Sean,Ham,Male,Luxembourgish
248-23-0150,Welbie,Gilley,Male,Korean
249-19-5514,Yehudi,Pharoah,Male,Latvian
253-61-8401,Genny,Juara,Female,Tswana
254-10-6071,Dwight,Eastcourt,Male,Oriya
254-92-9669,Tom,Larking,Male,Icelandic
255-81-0958,Darryl,Sparkes,Female,Estonian
256-54-7507,Angus,Cullip,Male,Spanish
256-57-0666,Rip,Grube,Male,Ndebele
257-12-6834,Derward,Paladini,Male,Thai
257-59-8603,Cyrillus,Sanchiz,Male,Romanian
257-77-3669,Ynez,Hain,Female,Kazakh
258-22-6416,Veriee,Klein,Female,Northern Sotho
259-38-5920,Jethro,Rustidge,Male,Fijian
261-14-9490,Lorry,Boshere,Male,Oriya
262-09-2144,Leigh,Paxforde,Male,Portuguese
262-46-7573,Lorene,Vagg,Female,Punjabi
262-55-4066,Kaitlynn,Bleazard,Female,Estonian
262-66-7030,Gray,Bissatt,Female,Khmer
264-39-3910,Elysia,Favell,Female,Hindi
266-86-9980,Rita,Leving,Female,Latvian
267-75-6383,Ardath,Pitts,Female,Romanian
269-01-2640,Russell,Dabner,Male,Danish
271-04-0134,Eadith,Jerg,Female,Gagauz
271-81-9938,James,Robbins,Male,Bengali
271-93-3051,Augustin,Agiolfinger,Male,Latvian
272-50-7309,Sig,Ather,Male,Catalan
272-81-7979,Sherlocke,Giddings,Male,Georgian
273-49-8218,Haze,Starkings,Male,Portuguese
274-50-3806,Shurlocke,Aron,Male,Punjabi
274-76-9883,Fawn,MacNamara,Female,Bengali
276-05-2973,Cly,Yerlett,Male,Kazakh
278-55-5842,Korie,Di Pietro,Female,German
278-64-4853,Diane-marie,Broggini,Female,Tsonga
279-12-7167,Elbertina,Alders,Female,Amharic
279-40-5540,Montague,Knowler,Male,Chinese
279-49-5682,Kleon,Tembridge,Male,Gagauz
280-53-7447,Suzette,Prahl,Female,Romanian
280-98-4410,Ealasaid,Devon,Female,Tok Pisin
281-23-3458,Bettina,Danilov,Female,Sotho
282-83-9206,Jackie,McPhater,Male,Gagauz
283-04-6835,Tobey,Joule,Female,Dzongkha
286-26-4004,Augustus,Doodson,Male,Romanian
287-57-9688,Joachim,Moncreiff,Male,Catalan
287-66-2660,Larissa,Airy,Female,Bislama
288-54-7233,Hedy,Eaklee,Female,English
288-87-6462,Stanislaus,Haylor,Male,Kannada
289-03-9882,Giusto,Baszniak,Male,Yiddish
289-09-8686,Heath,Stallan,Male,Malayalam
290-25-7300,Bowie,Bancroft,Male,Thai
290-82-4968,Ingram,Kincade,Male,Moldovan
293-54-3694,Theodora,Geddes,Female,Maori
294-27-9936,Cari,Bradane,Female,Japanese
294-53-1911,Ginelle,Jaquet,Female,Persian
295-63-7693,Fonzie,Fattorini,Male,Estonian
296-32-7910,Harlene,Morrill,Female,Swati
296-88-0097,Herculie,Branthwaite,Male,Hungarian
296-90-4908,Holt,Angel,Male,Tamil
297-63-1154,Maribelle,Gowanson,Female,Montenegrin
298-06-3497,Moshe,Thomassin,Male,Polish
298-69-9168,Shea,Canon,Male,Finnish
298-70-6018,Minny,Van der Baaren,Female,Afrikaans
298-79-7640,Mycah,Hillam,Male,Swahili
299-03-6911,Janela,Ferrone,Female,Gagauz
299-38-0483,Robb,Posner,Male,Italian
299-77-1060,Bellina,Galbreth,Female,Norwegian
300-59-3610,Tam,Howles,Male,Pashto
300-76-8770,Danielle,Rowth,Female,Italian
300-80-7209,Gabbie,Burney,Female,Dutch
301-26-4306,Emmye,Whelpdale,Female,Tajik
301-51-0522,Kenneth,Methley,Male,Papiamento
302-64-4858,Hakeem,Zelley,Male,Afrikaans
304-48-4312,Edeline,Van de Vlies,Female,Montenegrin
305-07-1498,Ruddy,O'Crotty,Male,Spanish
306-23-2423,Ree,Meader,Female,Polish
306-86-2930,Kassie,Neaverson,Female,Luxembourgish
308-58-0964,Talbert,Osipov,Male,Tetum
309-04-0364,Dov,Speight,Male,Tajik
309-38-8085,Nell,Scrigmour,Female,Persian
310-60-2027,Zacherie,Parken,Male,Albanian
311-46-9296,Alic,Pabel,Male,Fijian
312-38-7084,Ezri,Paolicchi,Male,Malagasy
312-59-3476,Sadye,Beloe,Female,Icelandic
312-77-3647,Hussein,Blything,Male,Hebrew
313-02-7822,Spence,Climer,Male,Maori
313-52-7312,Farrand,MacKenzie,Female,French
315-12-5664,Vere,Morlon,Female,German
315-26-2241,Cammy,Harland,Female,Bulgarian
315-44-9671,Ximenez,Maghull,Male,Macedonian
315-78-5587,Helsa,Lumber,Female,Tok Pisin
317-28-1600,Rodrick,Abrahams,Male,Assamese
317-43-2055,Jocelyn,Gildroy,Female,Punjabi
318-58-5314,Stephan,Peatt,Male,New Zealand Sign Language
319-43-0465,Boothe,Vanin,Male,West Frisian
320-90-1419,Em,Darwood,Male,Icelandic
320-97-9147,Roch,Wahlberg,Female,Thai
323-28-6705,Christiano,Stoffler,Male,Kyrgyz
323-33-8689,Dulcinea,Lundberg,Female,Dutch
324-39-5230,Alexandrina,Dahlbom,Female,Moldovan
324-73-8895,Walliw,Alstead,Female,Guarana
324-75-6098,Rafael,Robinett,Male,Portuguese
326-64-9957,Jorgan,Renowden,Male,Swati
327-52-0546,Carlota,Hovey,Female,English
327-88-7554,Malynda,Kingerby,Female,Swahili
330-99-3055,Marinna,Dally,Female,Azeri
332-83-6591,Forrester,Cullabine,Male,Dzongkha
333-52-5097,Florentia,Espinazo,Female,Tetum
333-95-5025,Rebeca,Walesa,Female,Zulu
335-35-1520,Ervin,Hugues,Male,Armenian
336-48-2579,Renee,Crank,Female,Armenian
339-27-8046,Julita,Jouhan,Female,Bosnian
339-71-2687,Marlie,Corpe,Female,Persian
341-10-6840,Cyrille,Critchlow,Male,Portuguese
342-05-9057,Beatrix,Relton,Female,Latvian
342-55-0538,Hilliary,Suddards,Female,Dzongkha
342-90-9333,Geri,Yesinov,Male,Norwegian
343-20-8407,Bradford,Niemiec,Male,Chinese
343-81-3179,Reinhard,Bortolutti,Male,Kannada
345-74-2160,Camile,Pengelly,Female,Lao
347-09-3254,Dulciana,Hexum,Female,Lao
347-64-8652,Dusty,Morat,Female,Japanese
348-73-4312,Elberta,Howden,Female,Khmer
348-74-3224,Dorthy,Abreheart,Female,Bosnian
349-53-8864,Muffin,Lord,Female,Georgian
349-67-7502,Ari,Yitzhakov,Male,Zulu
350-20-9593,Eldridge,Crispin,Male,Dutch
350-80-4646,Harp,Du Plantier,Male,Dutch
351-73-2802,Cybill,Parnham,Female,Latvian
355-21-9711,Daryn,Battin,Female,Georgian
355-52-9767,Kacy,Offen,Female,Kurdish
355-96-7706,Lauritz,Lucock,Male,Mongolian
356-39-9199,Arney,Polglaze,Male,Marathi
357-37-6094,Chrisse,Kirton,Male,Latvian
358-84-7049,Emalee,McCleary,Female,Thai
360-69-6230,Grannie,Champ,Male,Belarusian
361-06-1530,Luis,Ashborne,Male,Mongolian
361-42-7068,Ashia,Ferran,Female,West Frisian
361-49-4597,Adan,Janssen,Male,Swedish
361-83-5004,Wilona,Sink,Female,Sotho
362-09-8563,Carri,Peterffy,Female,Icelandic
362-12-7902,Weber,Legrand,Male,Swahili
364-25-0166,Arnuad,Planque,Male,Hindi
364-65-2174,Bernarr,Wollard,Male,Irish Gaelic
366-61-0607,Bethena,Joicey,Female,Haitian Creole
367-22-8998,Blake,Mustin,Female,Kyrgyz
367-62-4426,Sigismondo,Lerohan,Male,Georgian
370-01-6977,Hugues,Jeffryes,Male,Georgian
370-24-5876,Sergei,Risby,Male,Bulgarian
370-72-6509,Wrennie,McCrorie,Female,Papiamento
371-28-5892,Malia,Hanse,Female,Tsonga
371-44-0582,Clemmy,Cogzell,Male,Estonian
371-62-3727,Cymbre,Chinnock,Female,Dutch
371-88-9249,Nealon,Oxtaby,Male,German
372-44-7487,Jolyn,Bertome,Female,Catalan
372-62-7057,Eleanora,Vazquez,Female,Gujarati
373-67-2734,Ileana,Luty,Female,Italian
374-47-0262,Bank,Evitts,Male,Aymara
378-08-0805,Carroll,Harty,Female,Swedish
378-60-2472,Eddie,Howieson,Female,Albanian
378-66-0449,Kelby,Wincer,Male,Pashto
378-79-0193,Kenny,Josefsen,Male,Danish
378-88-6805,Vittoria,Oldroyd,Female,Moldovan
379-07-8748,Dyanna,Noto,Female,Polish
380-33-9730,Katinka,Piet,Female,Malay
380-35-3854,Cathleen,Sizland,Female,Bislama
383-18-4058,Frederigo,Cooksey,Male,Indonesian
384-30-6793,Kipp,Burnyate,Male,English
384-94-2772,Ramsay,Dolbey,Male,Tok Pisin
385-30-1777,Aubrey,Wetherill,Female,Tswana
385-34-7828,Dori,Quogan,Female,Afrikaans
385-98-0431,Kassi,Rashleigh,Female,Tswana
386-15-7960,Steffie,Tedahl,Female,Punjabi
386-34-4088,Adamo,Wogden,Male,Arabic
386-68-9884,Francis,Foch,Male,Dzongkha
386-97-3523,Siusan,Durkin,Female,Kurdish
389-31-0910,Mac,Westrey,Male,Armenian
389-51-1424,Isadore,Orbine,Male,Pashto
389-84-8254,Chiquita,Jolliman,Female,Marathi
390-74-3062,Cara,Ingree,Female,Indonesian
391-14-9280,Faun,Chillistone,Female,Montenegrin
391-47-4578,Fiann,Fellman,Female,Assamese
391-73-2830,Padget,Manthorpe,Male,Marathi
393-22-6585,Reinold,Ellif,Male,Nepali
396-51-1559,Natasha,Dafter,Female,Maori
397-16-5372,Alonzo,Mc Mechan,Male,Polish
397-29-8349,Madelle,Mapledorum,Female,Tok Pisin
397-87-8282,Kyrstin,Waldock,Female,Belarusian
399-31-2815,Durward,Giamitti,Male,Tok Pisin
399-63-8810,Bobbee,Postians,Female,Papiamento
399-81-6133,Viv,Borsay,Female,Chinese
400-21-8654,Travus,Miranda,Male,Kannada
400-77-6007,Dannie,Shurmer,Male,Tajik
402-61-3479,Mariele,Meyrick,Female,Telugu
402-65-2055,Martie,Crawshaw,Male,Marathi
402-88-5570,Torry,Bossons,Male,Chinese
403-65-1535,Cathy,Gabe,Female,Hiri Motu
404-57-4023,Pattin,Jarmain,Male,Hindi
405-25-1422,Raquel,Dukelow,Female,Gujarati
406-15-5123,Janot,Pulhoster,Female,Dari
406-24-4867,Renaud,Fleetwood,Male,Papiamento
406-49-0634,Lolita,Dailey,Female,Czech
407-30-0910,Gerhard,Crielly,Male,Bislama
407-80-7367,Sigismundo,Pothbury,Male,Latvian
407-99-6159,Flynn,Jirasek,Male,Afrikaans
408-83-7943,Wallie,Klosterman,Male,Hungarian
408-98-3291,Karia,Riquet,Female,Italian
409-58-2034,Fiann,Corsar,Female,Swahili
409-90-8946,Doralia,Proughten,Female,Estonian
410-38-4237,Gibbie,Seamer,Male,Tok Pisin
410-76-5092,Spencer,Dallon,Male,Swati
411-21-4276,Mari,Livick,Female,Pashto
411-43-4217,Cull,Noddle,Male,Spanish
411-79-4655,Caterina,Coey,Female,French
412-50-9133,Dianemarie,Withey,Female,Czech
412-59-0452,Seamus,Petrusch,Male,Spanish
412-59-8022,Brenna,Follin,Female,Gagauz
412-79-8951,Giorgi,Sisnett,Male,Tamil
413-14-3928,Shaine,Liebrecht,Male,Sotho
413-56-5613,Anjanette,Carnock,Female,Nepali
415-42-0898,Karlik,Adlam,Male,Mongolian
415-74-2251,Pattin,Greson,Male,Italian
416-37-7763,Emelia,Hancell,Female,German
416-38-3607,Jerry,Christin,Male,Hebrew
416-80-6367,Myrna,Christoffe,Female,Tok Pisin
416-87-0469,Dannel,Whyffen,Male,Estonian
418-72-1888,Roddy,Worman,Male,Bosnian
418-99-6659,Grenville,Gulliver,Male,Ndebele
420-46-7789,Steffie,Britto,Female,New Zealand Sign Language
420-52-3813,Arnaldo,Balsdone,Male,Zulu
421-01-2511,Mikaela,Andrivot,Female,English
421-13-9794,Minne,Measey,Female,Danish
421-20-3448,Alie,Gerauld,Female,Khmer
421-88-7316,Cherie,Yeudall,Female,Dutch
422-67-4000,Corby,Boyington,Male,Sotho
423-62-1820,Ruddy,Ingerson,Male,Maori
423-88-4721,Trip,Postlewhite,Male,Polish
424-22-9138,Farand,Huggon,Female,Indonesian
424-91-0692,Jeanie,Titchard,Female,Swati
424-92-0863,Halley,Mendenhall,Female,Thai
426-09-8331,Enrico,Balentyne,Male,Arabic
426-33-4523,Bibbie,Lardge,Female,Spanish
426-52-3410,Deeyn,Feldberg,Female,Lithuanian
426-61-5374,Adolph,Effemy,Male,Norwegian
427-12-4625,Ethelin,Huck,Female,Bosnian
427-36-0095,Shandee,Hawthorne,Female,Gujarati
427-96-6355,Fidel,Gutierrez,Male,Yiddish
428-19-2946,Dionne,Bibb,Female,Moldovan
428-79-0781,Mame,Criag,Female,Catalan
429-43-7811,Felice,Mound,Male,Ndebele
430-27-6236,Sergent,Tomich,Male,Tajik
430-27-8349,Boigie,Balsdon,Male,German
432-25-8923,Violetta,Remmer,Female,Swati
433-08-7855,Cleo,Sivior,Female,Latvian
434-41-2365,Obed,Podmore,Male,Georgian
435-34-0115,Chicky,Carlos,Male,Tamil
438-80-0430,Gunilla,Navan,Female,Moldovan
438-82-1280,Salvatore,Noirel,Male,Somali
440-60-4889,Evanne,Loosely,Female,Ndebele
441-19-1376,Harwell,Wharf,Male,Kazakh
442-15-1994,Niven,Kaser,Male,Macedonian
444-01-3823,Cello,Caddock,Male,Spanish
445-49-0727,Bessy,Howford,Female,Indonesian
445-62-3843,Forest,MacAughtrie,Male,Irish Gaelic
446-16-1946,Jacinthe,Hackworth,Female,Albanian
446-73-1646,Pattie,Ludwig,Female,West Frisian
447-05-5935,Artemas,Slay,Male,Somali
449-38-7421,Hakeem,Pinke,Male,Georgian
450-04-1023,Oliver,Strathe,Male,Georgian
450-36-3771,Anette,Reast,Female,Guarana
450-36-4561,Nate,Poulglais,Male,Albanian
450-45-5021,Ailis,Allsebrook,Female,Amharic
450-56-7231,Xavier,Garnar,Male,Danish
450-96-2075,Den,Deniset,Male,Portuguese
451-34-5996,Dolly,Pennyman,Female,Spanish
451-52-8000,Donia,Daville,Female,Burmese
452-26-9999,Donny,Garham,Male,French
453-99-0644,Justen,Bloxam,Male,Nepali
454-36-4371,Bald,Beckerleg,Male,Fijian
455-67-4513,Zedekiah,Cayzer,Male,Quechua
455-74-3521,Nesta,Gascone,Female,Croatian
455-83-6194,Arney,Podmore,Male,Gagauz
457-55-3869,Lotta,Maclean,Female,Swati
457-57-7890,Corey,Learned,Female,Punjabi
457-97-6863,Ray,Ledamun,Male,Czech
458-97-0499,Ginny,O'Keenan,Female,Maltese
459-29-7955,Buddy,Titmus,Male,Gujarati
460-65-0321,Katine,Rosenstiel,Female,Macedonian
461-84-2780,Shaun,Duff,Female,Gujarati
461-88-8139,Marion,Mitkcov,Male,German
464-21-1055,Arie,Matthieson,Male,Kashmiri
464-84-7886,Etan,Bellsham,Male,Tswana
465-96-0362,Woody,Maw,Male,Kurdish
468-88-6064,Dante,Puddicombe,Male,Nepali
469-08-0077,Garret,Zanussii,Male,Hungarian
469-96-1488,Euphemia,Neggrini,Female,Guarana
470-34-5693,Hashim,Priddie,Male,Maori
470-94-7669,Julio,Lune,Male,Assamese
471-28-1745,Bernarr,Giral,Male,Sotho
472-23-0389,Valli,Khristoforov,Female,Bosnian
473-65-7769,Aguie,Rennix,Male,Japanese
474-56-7332,Maurine,Stopps,Female,Tswana
474-95-1775,Ivette,Whitewood,Female,Korean
475-15-5394,Orson,Lafferty,Male,Kyrgyz
475-24-1840,Malachi,Skittrell,Male,Azeri
475-47-5055,Casey,Worrill,Male,Lithuanian
476-27-0948,Laurette,Kearney,Female,West Frisian
476-68-8276,Geoffrey,Whisker,Male,Czech
477-30-0077,Giulio,Bilsland,Male,Macedonian
478-14-8720,Brittan,Vaen,Female,Hindi
479-49-8804,Serene,Giannotti,Female,Latvian
480-53-4039,Reg,Waskett,Male,Chinese
481-10-0098,Kitti,Morrad,Female,Kashmiri
481-87-3503,Delano,Mitchall,Male,Northern Sotho
482-88-7624,Corbet,Paireman,Male,Finnish
484-06-9645,Clay,Suttle,Male,Fijian
484-36-9255,Kristos,Garard,Male,Irish Gaelic
484-75-5799,Rhea,Braniff,Female,Somali
485-39-0911,Rea,Buzek,Female,Croatian
485-79-8123,Tish,Kemston,Female,Khmer
486-87-1145,Elyn,Djokovic,Female,French
488-02-2147,Gannon,Le Strange,Male,Malayalam
488-12-7780,Cynthea,Ioannou,Female,Yiddish
489-57-4785,Waldemar,Coast,Male,Korean
491-36-8648,Rice,Revans,Male,New Zealand Sign Language
491-38-3802,Marcella,Paolinelli,Female,Swati
491-89-4895,Orv,Kelland,Male,Belarusian
491-90-1059,Mic,Chaunce,Male,Afrikaans
493-09-7972,Agretha,Wickes,Female,French
495-15-7369,Lowrance,Prandin,Male,Ndebele
495-62-6374,Nevsa,Boarder,Female,Czech
495-64-2134,Noami,Schuck,Female,Nepali
495-89-7170,Allina,Caldecot,Female,New Zealand Sign Language
497-69-5399,Wanids,Bengoechea,Female,German
497-73-2347,Rana,Duhig,Female,Indonesian
499-07-4759,Kizzee,MacTrustam,Female,Norwegian
499-31-5371,Valenka,Triplett,Female,Somali
499-42-7583,Rafaellle,Caush,Male,Kashmiri
499-44-2439,Ediva,Flucks,Female,French
499-99-6990,Dewie,Madge,Male,Sotho
500-14-7051,Giulio,Pilley,Male,Maltese
500-41-0658,Jobie,Pyvis,Female,Zulu
500-45-7881,Stan,Drinkall,Male,Tetum
500-71-6995,Orazio,Izakoff,Male,Romanian
502-07-7030,Twyla,Klaessen,Female,Persian
502-60-9632,Ibrahim,Eddleston,Male,New Zealand Sign Language
504-41-5919,Cullen,Christin,Male,Montenegrin
505-37-1520,Adams,Watford,Male,Azeri
505-88-6030,Derby,O'Kerin,Male,Dhivehi
506-02-3957,Tilly,Joubert,Female,Danish
507-40-9429,Forster,Dronsfield,Male,Gagauz
507-67-9726,Sinclare,Swatheridge,Male,Croatian
507-99-2334,Sunny,Vasilik,Male,Kurdish
508-54-3168,Helaine,Accombe,Female,Dutch
509-39-1128,Carie,Leneham,Female,Telugu
509-46-4927,Nickie,Dabes,Female,Sotho
510-34-4633,Alie,Jennaway,Female,Indonesian
511-28-0914,Gardie,Ravenshaw,Male,Persian
511-95-4867,Ethelda,Helversen,Female,Zulu
513-68-2140,Hussein,Filov,Male,Greek
515-47-1848,Darla,Leftridge,Female,Finnish
517-05-0600,Lindy,Losz,Female,Kurdish
519-15-9299,Hamid,Angier,Male,Chinese
519-58-0341,Barny,Matiashvili,Male,Lao
520-81-0974,Ofella,Navarro,Female,Kurdish
521-82-5436,Barb,Riolfi,Female,Swedish
522-54-3565,Geri,Vigar,Male,Quechua
523-07-2359,Tanney,Izsak,Male,Haitian Creole
523-44-3601,Goldina,Di Claudio,Female,Spanish
523-53-2420,Amerigo,Lipyeat,Male,Tsonga
523-85-4846,Noella,Samsonsen,Female,Kurdish
523-91-3280,Gordie,Billin,Male,Swati
524-28-4450,Jake,Klimpt,Male,Somali
526-45-2767,Kayle,Milsom,Female,Dhivehi
526-98-9361,Cathe,Allsupp,Female,Marathi
527-55-3736,Auguste,Hammersley,Female,Malayalam
527-72-3566,Colin,Paddington,Male,Pashto
528-10-7051,Leonie,Sondon,Female,Romanian
528-26-2803,See,Ettery,Male,Albanian
531-38-1945,Eveleen,Mignot,Female,Japanese
531-53-5021,Deerdre,Chaudron,Female,Oriya
531-67-4340,Ody,Blaxley,Male,Bosnian
531-79-0948,Britney,Sweeten,Female,Indonesian
532-36-4145,Dorry,Ditty,Female,Kannada
534-50-6091,Florencia,Abramof,Female,Arabic
534-68-0554,Ira,Swanne,Female,Chinese
534-86-8290,Ester,Jepson,Female,Albanian
535-66-3671,Felisha,Blackden,Female,Hiri Motu
536-23-6599,Laughton,Iozefovich,Male,Tok Pisin
537-46-3891,Clay,Bapty,Male,Burmese
538-46-6131,Steward,Glennard,Male,Papiamento
538-68-5142,Grantley,Berthel,Male,Nepali
541-54-1497,Katuscha,Jovis,Female,Irish Gaelic
542-74-6343,Raleigh,Tamsett,Male,Kurdish
543-38-7657,Kaja,Divisek,Female,Estonian
543-61-1911,Alisa,Dacca,Female,Romanian
543-67-6841,Rosemonde,Shelp,Female,Burmese
545-66-8802,Cassey,Gammage,Female,English
547-35-4478,Halsy,Goddard,Male,Bosnian
548-72-2840,Vite,Burnsall,Male,Sotho
549-90-2887,Brunhilda,Eilhermann,Female,Papiamento
551-57-4018,Magdalena,Morland,Female,Gagauz
551-92-2534,Merrill,Purviss,Male,Armenian
552-61-0289,Tom,Wilmut,Male,Pashto
553-77-2419,Ray,Warrick,Male,Amharic
555-99-5216,Ludovico,O'Cassidy,Male,English
556-13-4040,Mignonne,Beckett,Female,Catalan
557-28-9953,Morie,Roon,Male,Kurdish
557-33-7476,Dean,Grimoldby,Male,Burmese
557-77-8703,Alayne,Shackleford,Female,Arabic
558-37-7838,Drucie,Andrick,Female,New Zealand Sign Language
559-33-6365,Lew,Barbara,Male,Kashmiri
559-54-7102,Dareen,Stoneley,Female,Arabic
560-06-2687,Sidnee,Potts,Male,Malayalam
561-96-2313,Torin,Cockland,Male,Sotho
561-98-2281,Barton,Andrichuk,Male,Bosnian
562-62-6370,Lewes,O'Caine,Male,Hungarian
563-21-6857,Ambrose,Stiegers,Male,Zulu
563-27-3427,Pembroke,La Padula,Male,German
564-89-9688,Karoly,Collen,Female,Albanian
566-56-7324,Mattheus,Braidwood,Male,Tetum
566-62-0141,Tiffanie,McNamee,Female,Polish
567-02-8700,Cornelia,Trowle,Female,Dari
567-82-8701,Bathsheba,Ainge,Female,Montenegrin
569-26-2487,Yance,Mumby,Male,Danish
569-52-7923,Rahel,Aleshkov,Female,Georgian
570-01-5640,Nickolas,Crosdill,Male,Tetum
570-86-3275,Rab,Vuitte,Male,Swahili
571-12-4962,Audie,Legrice,Female,Lithuanian
572-82-5200,Walsh,Varah,Male,Japanese
573-94-0348,Sherm,Critten,Male,Dari
573-97-4729,Torey,Forcade,Female,Indonesian
574-60-0475,Gale,Porson,Male,Icelandic
574-91-3682,Marlon,Lafayette,Male,Somali
576-18-1075,Alexandro,Edgecombe,Male,Telugu
576-41-7443,Abba,Fall,Male,Indonesian
578-02-0932,Lalo,Grigoroni,Male,Polish
578-58-6435,Gavin,Daish,Male,Kazakh
579-87-4014,Feliza,Hendrickson,Female,Bulgarian
581-15-8015,Ave,Isaksson,Male,Dhivehi
581-95-7591,Merilee,Wigin,Female,Norwegian
582-71-1805,Mel,Marvin,Male,Maltese
583-61-3519,Reagen,Yelden,Male,Northern Sotho
583-76-7497,Wildon,Tunbridge,Male,Mongolian
585-03-2819,Breanne,Gorelli,Female,Tamil
585-96-1853,Jone,Sherwyn,Male,Gujarati
586-85-4199,Gisela,Foulser,Female,Albanian
587-94-0609,Fancy,Frift,Female,Chinese
588-48-7326,Sid,Colkett,Male,Northern Sotho
589-15-0686,Corabelle,Northin,Female,Sotho
591-02-4614,Linnie,Marzelli,Female,Kashmiri
591-09-5002,Arie,Winchcombe,Male,Dzongkha
591-34-2920,Woodman,Finley,Male,Ndebele
592-23-4343,Iona,Garron,Female,Catalan
594-37-6620,Bax,McLleese,Male,Maltese
594-80-1212,Berti,Ealden,Female,Tajik
595-51-3047,Haley,Critchley,Female,Ndebele
595-67-1091,Odette,Delue,Female,Filipino
597-45-6867,Boris,Selwood,Male,Tajik
597-53-1918,Tilda,Cheales,Female,Azeri
597-63-4107,Fairfax,De Blase,Male,Gujarati
598-39-5585,Maritsa,Brecher,Female,Maori
599-56-9050,Letti,Trappe,Female,Maori
599-69-3085,Luz,Jeffcoate,Female,Kyrgyz
599-69-5584,Concordia,Grassot,Female,Czech
600-52-7214,Patty,Ashurst,Male,Latvian
601-01-2163,Dominica,Muehler,Female,Kyrgyz
601-04-5606,Korrie,Brookfield,Female,Greek
601-06-5384,Lyle,Order,Male,Tajik
603-31-3174,Adelind,Pautard,Female,English
603-34-9733,Joellen,Doddrell,Female,Lithuanian
603-76-5257,Issiah,Bordis,Male,Spanish
604-19-5709,Alberto,Grog,Male,Dari
605-15-8306,Graehme,De Maine,Male,Catalan
605-26-7064,Howey,Acome,Male,Finnish
605-55-6033,Roddie,Kolis,Male,German
608-13-9301,Gradey,Duval,Male,Hebrew
612-27-1398,Lucian,Whight,Male,Haitian Creole
612-30-5754,Archibold,Van de Castele,Male,Tamil
615-38-6466,Roderigo,Caughan,Male,Oriya
617-38-3504,Toby,Hugnot,Female,Maori
617-71-4058,Lynsey,Creser,Female,Gujarati
618-35-5798,Izzy,Helliar,Male,Indonesian
620-81-4914,Clea,Baldazzi,Female,Catalan
623-98-4252,Kort,Kellie,Male,Italian
624-99-0933,Perrine,Bason,Female,Estonian
625-84-8454,Francois,Lardner,Male,Kashmiri
627-36-1126,Milzie,Steabler,Female,Tetum
627-91-0537,Georgie,Tadd,Male,Croatian
629-10-9201,Morie,Addams,Male,Papiamento
629-13-0131,Gregorius,Hill,Male,Lao
629-54-4455,Abram,Jones,Male,Croatian
629-91-9506,Dionysus,Twentyman,Male,Indonesian
630-21-7841,Julieta,Kloss,Female,Latvian
631-44-9168,Brooks,Edridge,Male,Kazakh
631-72-9770,Benji,Barnsley,Male,Guarana
633-96-5921,Tynan,Duthie,Male,Nepali
634-42-8798,Tomasine,Dron,Female,English
634-90-4851,Maia,Nornasell,Female,Pashto
635-99-3249,Jennifer,Audry,Female,Italian
637-74-3365,Jarrett,Tunnicliffe,Male,Luxembourgish
639-08-7138,Betsey,Wimbridge,Female,Telugu
640-86-4661,Ignacius,Kipling,Male,Portuguese
641-11-8353,Angel,Godthaab,Female,Bislama
643-10-4736,Konstanze,MacCawley,Female,Dzongkha
644-68-2955,Catrina,Gerardin,Female,Gagauz
644-70-8292,Glyn,Mc Giffin,Female,Zulu
645-33-6872,Dmitri,Varden,Male,Bosnian
646-69-6845,Joe,Mabee,Male,Fijian
647-24-7807,Jammal,Dametti,Male,Mongolian
647-82-5575,Burton,D'Ambrosio,Male,Spanish
648-50-5566,Nilson,Kurth,Male,Armenian
648-92-3395,Benedetto,McBean,Male,Lao
650-63-9841,Evanne,Ibeson,Female,Korean
650-73-2431,Henrietta,Carnegie,Female,Bislama
650-89-8244,Goldarina,Rodrigo,Female,Maori
651-83-5203,Putnem,Buddle,Male,Georgian
652-46-3664,Benson,Ianelli,Male,Romanian
652-96-9901,Clareta,Blagburn,Female,Tok Pisin
653-23-1607,Noah,Lodwig,Male,Moldovan
653-49-0510,Dillie,Bleeze,Male,Burmese
654-61-1601,Vinnie,Buzzing,Female,Dhivehi
654-68-3903,Hanni,Fairleigh,Female,Dutch
654-75-3300,Korney,Chiplin,Female,Chinese
655-98-7788,Gabriellia,Lewer,Female,Tsonga
656-92-1337,Dianemarie,Bwye,Female,Maori
658-21-3014,Star,Crummey,Female,Norwegian
658-34-0029,Chrysler,Bastistini,Female,Tamil
658-97-8544,Hamish,Redit,Male,Tswana
659-43-4520,Alessandra,Rouf,Female,Fijian
667-57-3442,Rudy,Tommasuzzi,Male,Khmer
667-87-7090,Teena,Webb-Bowen,Female,Hiri Motu
669-12-9323,Peter,Ketteman,Male,Hiri Motu
669-83-8959,Corney,Semerad,Male,Zulu
670-56-7817,Stephen,Keinrat,Male,Hiri Motu
670-66-6403,Marje,Durdle,Female,Japanese
670-67-9679,Emili,Alexis,Female,Ndebele
670-89-3434,Elvina,Scowcroft,Female,Albanian
671-16-1411,Elsa,Dawes,Female,Swahili
671-71-9470,Billie,Spittal,Female,Catalan
671-76-8792,Melisse,Extil,Female,Punjabi
672-60-8782,Sharia,Gavrielly,Female,Lao
673-83-5713,Bartholomeo,Stote,Male,Icelandic
674-64-0219,Abner,Hoyle,Male,Latvian
675-31-0953,Mychal,Legerwood,Male,Tamil
675-41-4272,Kevan,Grishechkin,Male,English
678-60-4630,Mortie,Dunbobin,Male,Malay
679-22-5301,Avigdor,Galway,Male,Afrikaans
680-11-2707,Letta,Wishart,Female,Chinese
681-72-2644,Rosie,Aartsen,Female,Luxembourgish
682-06-8032,Gray,Clemencon,Female,Japanese
682-68-1965,Benedict,Nealy,Male,Montenegrin
682-73-2035,Juditha,Bowra,Female,Haitian Creole
684-49-8302,Jeddy,Ruppertz,Male,Tswana
684-95-5429,Ajay,Layne,Female,Hungarian
686-22-5917,Aleta,Abad,Female,Latvian
687-27-5241,Hildegarde,Crosoer,Female,Marathi
687-98-6782,Jamal,Jagg,Male,Montenegrin
689-25-7868,Kalil,North,Male,Telugu
690-61-7133,Lindsay,Henzley,Male,Montenegrin
692-31-0697,Blondell,Wrigley,Female,Persian
692-38-3792,Mart,Wheldon,Male,Indonesian
694-86-1783,Griffie,Rosenbush,Male,Montenegrin
695-51-8778,Farly,Benjamin,Male,Burmese
696-10-4037,Marcela,Stoade,Female,Lithuanian
696-45-6436,Enrico,Rubinowitz,Male,Lao
698-76-6576,Tom,Crosscombe,Male,Northern Sotho
698-94-3612,Duke,Brobak,Male,Gujarati
699-17-4497,Eolanda,Shine,Female,Estonian
700-49-1211,Julie,Houseley,Female,Tok Pisin
700-73-0102,Forester,Blinerman,Male,Finnish
701-06-8590,Ralf,Aliman,Male,Aymara
701-53-6262,Devon,Wane,Female,Maori
702-02-6635,Sherwood,Jeffreys,Male,Dhivehi
702-67-5109,Gabi,Swallow,Female,Sotho
704-72-4439,Euell,O'Leagham,Male,Yiddish
705-15-6989,Minta,Beecroft,Female,Maltese
705-98-0229,Vic,Elsley,Male,Czech
709-73-6600,Stillman,Fairbrass,Male,German
714-55-2111,Elysee,Bardsley,Female,Lao
715-89-3174,Nicholas,Crack,Male,Greek
717-91-7919,Ches,Rablan,Male,Thai
718-89-7490,Jessamyn,Hamill,Female,Icelandic
718-91-6110,Emory,Ambrus,Male,Papiamento
719-05-6621,Susanne,Dilger,Female,Punjabi
719-96-8751,Sallie,Gosnold,Female,Catalan
720-63-4381,Jayson,Gatrell,Male,Haitian Creole
722-30-1903,Nowell,Ambler,Male,Korean
722-64-9283,Dionisio,Peddar,Male,Kazakh
723-36-6692,Ivan,Musla,Male,Haitian Creole
724-90-0728,Guido,Southby,Male,Hindi
725-23-0793,Faber,Houseley,Male,Dzongkha
727-48-6769,Ervin,Duncklee,Male,Zulu
727-82-4383,Agosto,Cudbertson,Male,Greek
728-54-5322,Berti,Bertelet,Female,German
729-95-1691,Marion,Danson,Female,Zulu
731-22-8474,Hatti,Dzeniskevich,Female,Punjabi
733-29-1354,Marcelo,Bannard,Male,Dzongkha
733-78-5243,Gallard,Schapiro,Male,Albanian
735-42-4024,Peirce,Jeeks,Male,Punjabi
736-60-2127,Constanta,Round,Female,Estonian
737-89-8983,Katherine,Kuschke,Female,Tajik
738-38-4091,Armstrong,Dykes,Male,Haitian Creole
738-65-3635,Shaina,Getsham,Female,Spanish
740-64-7874,Ethan,Meiklejohn,Male,Maori
741-53-2153,Rodie,Simakov,Female,Czech
741-56-7694,Arnold,Duchateau,Male,Hebrew
741-90-1249,Kesley,Standbrook,Female,Swahili
743-75-2371,Jodee,Lintin,Female,Dzongkha
743-87-2936,Hirsch,Mee,Male,Finnish
744-87-2990,Swen,Le Surf,Male,Persian
745-19-1777,Dannel,Down,Male,Polish
746-55-1405,Cornall,Hegel,Male,Albanian
747-12-8456,Spense,Cicchinelli,Male,Fijian
749-85-8879,Ferdinand,Lambrook,Male,French
753-94-0630,Garrett,Peron,Male,Punjabi
753-98-5796,Charlena,Cleve,Female,New Zealand Sign Language
754-28-9729,Grata,Jiroudek,Female,Aymara
754-49-4659,Cecilla,Dutnall,Female,Latvian
755-08-4000,Domenic,Symes,Male,Italian
756-40-2283,Paten,Senior,Male,Malay
758-20-5576,Kathrine,Amar,Female,Croatian
761-01-2227,Shandy,Alasdair,Female,Hebrew
761-64-5650,Elton,Castelin,Male,Norwegian
762-43-8029,Gill,Wilford,Female,Malay
763-09-1587,Yasmeen,Vaskin,Female,Lithuanian
764-93-2248,Maure,Verrillo,Female,Spanish
765-35-8117,Bernelle,Vinten,Female,German
765-45-5973,Hastings,Merrell,Male,Swedish
765-87-9144,Pandora,Paull,Female,Tswana
767-05-4859,Dennison,Tournay,Male,Catalan
767-55-6767,Glen,Cater,Female,Finnish
768-54-5764,Cash,Bodman,Male,Dutch
768-74-8540,Karee,Bleier,Female,Tajik
770-61-8252,Elbertina,Colls,Female,Chinese
771-20-6900,Alejandra,Tevlin,Female,Greek
771-71-0505,Romona,Meikle,Female,New Zealand Sign Language
773-21-9639,Brittney,Byart,Female,Tok Pisin
773-53-7438,Flo,Sirmond,Female,Khmer
773-82-1734,Maris,Currin,Female,Armenian
774-08-5376,Pam,Matterface,Female,Swahili
775-09-9949,Orlando,Gresley,Male,Danish
777-05-1491,Devora,Ashbridge,Female,Somali
777-68-2978,Mignon,Skottle,Female,Northern Sotho
777-94-4586,Siward,Blues,Male,Thai
778-74-8262,Sonia,Grishakin,Female,Bulgarian
779-59-1449,Gertrude,Ledamun,Female,Hungarian
780-69-8282,Sibeal,Dawney,Female,Czech
781-88-2076,Gelya,Stell,Female,Czech
782-46-9660,Malina,Julyan,Female,Burmese
782-60-6848,Jehu,Scholig,Male,Polish
783-22-9258,Modestine,Cuttings,Female,Assamese
784-88-0730,Baxie,Judd,Male,Maltese
785-14-5978,Trista,Watkinson,Female,Moldovan
786-56-3561,Wait,Boyda,Male,Norwegian
786-63-6223,Adham,Toope,Male,Belarusian
787-05-9008,Ricki,Jurges,Female,Arabic
787-09-5697,Chelsea,Pashby,Female,Northern Sotho
787-10-7877,Torrence,Tapping,Male,Hiri Motu
788-15-2625,Drusilla,Bannester,Female,Gujarati
789-70-1821,Denni,De Biasio,Female,Azeri
790-04-1283,Christyna,Morrissey,Female,Quechua
792-71-8046,Carly,Hazley,Female,Guarana
794-24-3802,Esther,Sayton,Female,Somali
795-56-6486,Stevena,Vatcher,Female,Gagauz
795-77-5263,Burty,Frosdick,Male,Marathi
797-05-2289,Fanchon,Petrushanko,Female,Finnish
797-25-9814,Aleksandr,Swalwell,Male,Pashto
797-65-2382,Marianne,Huccaby,Female,Swedish
797-87-7992,Lonna,Plumridge,Female,Armenian
798-34-1082,Henka,Synder,Female,Italian
798-65-5644,Irita,Heady,Female,Montenegrin
800-06-9721,Carter,Waldron,Male,Estonian
801-08-8313,Aida,Whitemarsh,Female,Chinese
801-92-6460,Levi,Downgate,Male,Belarusian
801-99-2773,Justinian,Carlesso,Male,Japanese
804-46-0617,Geneva,Crinion,Female,Hungarian
807-13-5922,Vivi,Edinboro,Female,Sotho
807-24-6202,Lanette,Elvins,Female,Hiri Motu
807-25-6136,Sammy,Linnard,Female,Dutch
807-35-8936,Georgi,Widd,Male,Afrikaans
807-50-8539,Jaquith,Erdes,Female,Dhivehi
807-60-5615,Michale,Druery,Male,Dhivehi
808-55-8658,Ursulina,Kunze,Female,Chinese
808-80-2542,Gustaf,Hullot,Male,Persian
811-65-2750,Minetta,Dusting,Female,Spanish
812-11-9403,Carmina,Turnell,Female,West Frisian
813-42-4142,Killy,Threadgould,Male,Polish
813-47-5215,Willi,Collet,Male,Gujarati
815-83-0300,Romeo,Rayworth,Male,Thai
816-31-3858,Elvera,Walmsley,Female,Montenegrin
816-47-4782,Wilmer,Maides,Male,Aymara
816-90-2049,Berry,Delagnes,Female,Bengali
817-04-1950,Fletcher,McGrouther,Male,Albanian
817-25-7437,Randall,Fibbitts,Male,Yiddish
817-80-8930,Lib,Skein,Female,Arabic
818-61-0770,Stanly,Casseldine,Male,Belarusian
819-52-5886,Paulette,McAree,Female,Arabic
819-64-1414,Malynda,Hundall,Female,Filipino
820-96-1105,Andy,Sayce,Female,Pashto
822-05-9037,Meggi,Mapes,Female,Moldovan
822-30-4861,Phyllis,Cronk,Female,Fijian
823-27-0762,Marten,McCord,Male,Indonesian
823-75-5753,Thibaut,Van Schafflaer,Male,Chinese
824-89-4169,Tamqrah,Goroni,Female,Swedish
826-97-8029,Llewellyn,Shimwell,Male,Belarusian
827-62-4599,Phyllys,Akast,Female,Armenian
830-23-1573,Carine,Abramin,Female,Bislama
831-44-3286,Leesa,Finci,Female,Nepali
833-01-1428,Ashlan,Zannotti,Female,Finnish
835-54-3785,Nathaniel,Wegman,Male,Azeri
836-40-1837,Brocky,Kewzick,Male,Armenian
836-99-3309,Cobby,Mutter,Male,Georgian
837-76-5619,Alleyn,Parade,Male,Croatian
838-69-1351,Alwin,Hazzard,Male,Kannada
840-41-7929,Sherlock,Pinshon,Male,Khmer
841-64-8517,Hugues,Kenealy,Male,Korean
842-90-7557,Brit,Weall,Female,West Frisian
844-15-4668,Eleonora,Delete,Female,Hiri Motu
844-50-7305,Merralee,Orae,Female,Macedonian
846-07-1407,Tobias,Blakelock,Male,German
846-09-9851,Shani,Penrose,Female,New Zealand Sign Language
846-59-9961,Saleem,Osmant,Male,Croatian
847-34-4817,Orazio,Coners,Male,Yiddish
847-61-7656,Brit,Lodovichi,Male,Bislama
848-58-3386,Julianne,Lygo,Female,Japanese
848-74-2886,Helyn,Witheford,Female,Bislama
848-76-8808,Durward,Nuscha,Male,Nepali
849-31-1551,Lisabeth,Mattessen,Female,German
849-64-6624,Hallie,Proschke,Female,Fijian
849-98-2973,Hurley,Newart,Male,Hindi
851-94-2162,Rodi,Mulrenan,Female,Catalan
852-15-7707,Mario,Lelande,Male,Nepali
853-11-8953,Brice,Kyd,Male,Dari
853-47-3648,Olag,Belhome,Male,Maltese
854-68-7635,Eyde,McCunn,Female,Moldovan
854-71-2983,Rikki,Loveland,Male,Dutch
854-79-5334,Bevan,Kolczynski,Male,Swahili
856-18-3980,Neale,Sesser,Male,Maltese
856-27-9112,Virgilio,Kirrage,Male,Pashto
856-67-4080,Aggy,Cobley,Female,Dhivehi
857-37-5902,Jenni,Swinyard,Female,Hindi
858-03-7735,Allayne,Wardingley,Male,Kazakh
858-27-9190,Yuri,Sixsmith,Male,Norwegian
860-67-0256,Bendicty,Lindgren,Male,Tajik
860-89-2570,Otto,Burgwin,Male,Finnish
861-50-6716,Norina,Yerbury,Female,Indonesian
862-20-0653,Wilfrid,Kid,Male,Swedish
864-22-9364,Lyell,Petrollo,Male,Latvian
864-91-7489,Guthrie,Pilsworth,Male,Bislama
866-18-1440,Zachary,Branchflower,Male,Papiamento
866-53-0625,Francene,Ehlerding,Female,Latvian
867-11-6007,Kennett,Barhims,Male,Malayalam
867-13-6844,Clo,Skacel,Female,Armenian
867-88-2360,Gasper,Dohrmann,Male,Dzongkha
868-32-1805,Joanna,Raycroft,Female,Bosnian
870-12-6609,Jourdain,Comino,Male,Guarana
870-93-1121,Elisha,Wonham,Male,Hebrew
871-99-3191,Susann,Walrond,Female,Amharic
872-18-9267,Roddy,Honeywood,Male,Maltese
872-49-1288,Salaidh,Barthod,Female,Finnish
873-36-4733,Locke,Staries,Male,Moldovan
875-18-9454,Eustace,Kinnear,Male,Hiri Motu
875-75-0495,Frasquito,Lammas,Male,Polish
878-12-8265,Nance,Doble,Female,Dhivehi
880-22-4449,Zebadiah,Halliburton,Male,Azeri
881-19-5974,Lodovico,Gabby,Male,Northern Sotho
881-88-7308,Maitilde,Davis,Female,Tsonga
881-95-7180,Homerus,Lamar,Male,Macedonian
882-49-5290,Tamarah,Stenson,Female,Armenian
884-61-1852,Wylie,Glennon,Male,Romanian
887-41-7878,Bruce,Danieli,Male,Tamil
887-83-9002,Mab,Bozworth,Female,Tok Pisin
888-50-7008,Mayor,Gouley,Male,Dzongkha
888-53-7684,Lanny,Perfect,Male,Estonian
888-82-4928,Billye,Legat,Female,Icelandic
890-28-9962,Kingston,Spitell,Male,Quechua
893-12-0901,Dicky,Rohlfing,Male,Oriya
893-17-7318,Nani,Bonelle,Female,Kyrgyz
894-81-0628,Ree,Mordue,Female,Tswana
895-26-1658,Nance,Danzelman,Female,Icelandic
895-26-5515,Frank,Mason,Male,Northern Sotho
897-76-7070,Glynnis,Tillerton,Female,Nepali
898-03-3165,Sela,Vaillant,Female,Arabic
898-86-8860,Hershel,Few,Male,Gagauz
899-09-1766,Joe,Myderscough,Male,Filipino
899-39-7179,Rani,Naisbitt,Female,Greek
899-39-7378,Lindsay,Colledge,Female,Croatian
899-47-6116,Tiphanie,Kevlin,Female,Tetum
