ssn,vehicle_make,vehicle_model,model_year
100-53-9824,Oldsmobile,Bravada,1993
101-71-4702,Ford,Mustang,1997
101-84-0356,GMC,Yukon,2005
104-22-0928,Oldsmobile,Intrigue,2000
104-84-7144,Ford,Crown Victoria,2008
105-27-5541,Ford,Mustang,2001
105-85-7486,Chrysler,300,2008
105-91-5022,Isuzu,Hombre Space,2000
105-91-7777,Chevrolet,Silverado 3500,2004
106-35-1938,GMC,Sonoma Club,1992
106-36-3293,Volkswagen,Touareg,2008
110-84-3641,Ford,Mustang,1990
111-35-1034,Ford,Fiesta,2001
114-06-6912,Aston Martin,DBS,2011
114-66-0984,Chevrolet,Camaro,1998
114-74-8701,Mercedes-Benz,CL65 AMG,2009
116-10-7235,Bugatti,Veyron,2009
116-77-4915,Buick,Rainier,2004
117-39-6617,Scion,tC,2008
117-77-9748,Audi,S6,2009
117-78-6202,Rolls-Royce,Phantom,2007
118-21-0357,GMC,3500 Club Coupe,1992
118-95-7100,Plymouth,Laser,1993
119-07-8817,Chevrolet,Colorado,2005
120-33-5535,Isuzu,Trooper,1997
120-98-4054,Acura,RL,2003
121-98-3948,Pontiac,Montana,2002
123-05-3229,Jaguar,X-Type,2003
123-62-2832,Cadillac,Catera,1999
123-88-3381,Ford,Mustang,1989
125-07-9434,Lexus,RX,2010
127-49-2473,GMC,Savana 3500,2004
127-52-8001,Porsche,Cayenne,2008
127-68-4232,Scion,xB,2004
127-93-3548,Jeep,Grand Cherokee,2007
128-42-4599,Chevrolet,Avalanche 1500,2006
128-53-0369,Audi,A4,2010
128-53-7952,Dodge,Neon,1995
128-56-6040,BMW,M,2001
128-60-4388,Buick,Skyhawk,1988
129-67-0291,Lotus,Esprit,1993
131-81-4310,Land Rover,Range Rover Sport,2012
132-26-3507,Dodge,Ramcharger,1992
134-05-0120,BMW,M5,2006
135-86-9625,Toyota,Tundra,2004
137-13-1889,Infiniti,G,2005
138-65-4579,Oldsmobile,Achieva,1992
138-67-1198,Lexus,RX,2003
138-88-5288,Mercury,Monterey,2004
139-04-8189,Ford,Escort,1997
139-94-5865,Volkswagen,Cabriolet,1990
139-99-6417,Volvo,V70,2002
140-33-9727,Mitsubishi,Lancer,2003
140-58-8263,Volvo,XC90,2009
141-15-0543,Toyota,Corolla,2000
141-88-9721,GMC,Savana 3500,2011
142-77-4616,Chevrolet,Prizm,1999
142-87-3416,Ford,Thunderbird,2005
143-17-4714,Nissan,Frontier,1999
145-10-8454,GMC,Savana 1500,1999
145-35-5124,GMC,Savana 1500,1999
145-78-3985,Mercedes-Benz,E-Class,1993
146-81-3446,Ford,Thunderbird,1988
147-33-1463,GMC,Vandura G1500,1995
147-47-8577,Mitsubishi,GTO,1996
147-63-3462,Ford,Explorer,2005
148-60-7519,Mitsubishi,RVR,1992
149-18-7272,Mercedes-Benz,500SEL,1992
149-45-6482,GMC,3500 Club Coupe,1995
150-64-6357,Cadillac,Escalade,2000
150-89-3343,Plymouth,Laser,1993
151-54-3946,Ford,Probe,1996
151-70-0641,Ford,F250,1999
151-78-1397,BMW,M5,2000
152-71-3526,GMC,Savana 3500,2001
153-67-1309,Ford,Taurus,1998
154-17-7912,Nissan,Armada,2005
156-18-7547,Subaru,Legacy,2011
156-91-6848,Acura,TL,2005
157-17-9982,Audi,Q7,2007
157-38-7090,Dodge,Dakota Club,2005
157-51-5269,BMW,Z3,1996
161-36-9710,Mercedes-Benz,SLK-Class,1999
161-53-4778,Ford,Mustang,1995
163-68-8070,Lincoln,Continental,1998
163-98-1022,Honda,Civic,2012
164-11-9849,Chevrolet,Corvette,2001
166-10-4488,Cadillac,DTS,2008
167-39-2377,GMC,3500,1998
168-02-5324,Volkswagen,Fox,1989
168-19-8754,Toyota,MR2,1993
168-81-0838,Mazda,Mazda5,2012
168-89-6661,Chevrolet,Corvette,1964
170-65-3388,Dodge,Caravan,2010
171-27-7781,Ford,Mustang,1985
172-23-7739,Mazda,Mazdaspeed 3,2011
172-77-4263,Volvo,S60,2002
172-89-7546,Mercury,Cougar,1969
173-99-7372,Kia,Sephia,1997
174-13-2047,Mitsubishi,L300,1988
174-35-3812,Ford,Thunderbird,1972
174-51-9992,Chevrolet,Beretta,1994
174-87-2537,Ford,Taurus,1991
176-82-1359,Toyota,Celica,1995
176-99-5851,Jeep,Commander,2007
179-88-2790,Chevrolet,Malibu,2013
181-07-4434,Chevrolet,Impala SS,1995
181-28-8337,GMC,Canyon,2004
181-88-6077,Suzuki,XL-7,2008
182-15-5082,Mercedes-Benz,S-Class,1988
182-81-4541,Jeep,Grand Cherokee,1997
183-10-5024,Maserati,Spyder,1991
184-60-6243,Ford,Mustang,1998
184-84-1003,Mercury,Mystique,1997
184-92-3560,Scion,xD,2011
184-94-5241,Audi,90,1991
185-50-0434,Suzuki,X-90,1998
185-84-9868,Mercury,Sable,2001
186-65-7773,Mitsubishi,Precis,1990
188-20-9317,Chevrolet,Avalanche 2500,2003
188-40-4336,Mercedes-Benz,E-Class,1985
189-26-5696,BMW,8 Series,1995
189-49-1458,Volkswagen,Touareg,2008
190-05-6987,Subaru,Legacy,1990
190-53-4517,Hyundai,Sonata,1993
191-15-3194,Mercury,Grand Marquis,2009
192-54-0695,Volvo,C70,1998
192-67-3201,Mitsubishi,Galant,1999
194-76-5816,Dodge,Dakota,2001
195-23-5731,Saturn,Outlook,2007
196-69-3796,Subaru,Legacy,2007
198-70-6443,Infiniti,QX,2005
199-45-0804,Suzuki,XL-7,2003
199-54-4639,Mercury,Mountaineer,2006
200-81-7151,Mitsubishi,Tredia,1985
201-53-1249,Acura,NSX,1996
202-84-1146,Chrysler,LHS,2000
203-35-7648,Volvo,960,1992
205-69-7375,Subaru,Outback,2011
205-87-2423,Chevrolet,Express 2500,1999
206-28-6674,Mitsubishi,Chariot,1994
206-83-8848,Volvo,S60,2011
208-74-2166,Lexus,LX,1999
208-80-5879,Mercury,Mountaineer,2009
209-50-8146,Chevrolet,Sportvan G20,1992
209-58-4708,Buick,LaCrosse,2009
210-91-4729,Acura,Integra,1997
211-04-1734,Ford,E-Series,2011
211-13-5247,Mercedes-Benz,SLR McLaren,2005
211-15-5182,Chrysler,Town & Country,2010
211-19-6826,Ford,Econoline E150,1996
212-40-0215,Dodge,Shadow,1993
212-41-1496,Volkswagen,Eurovan,1995
213-28-1395,Ford,Mustang,2002
214-29-1189,Kia,Sedona,2011
214-96-8581,Kia,Borrego,2009
214-99-7584,Saturn,Outlook,2010
216-89-3812,Maybach,Landaulet,2012
216-97-3104,Bentley,Continental Super,2012
217-71-3922,Volkswagen,Corrado,1990
217-81-5416,Ford,Mustang,2005
218-14-4448,Mitsubishi,GTO,1999
218-25-9873,Honda,Prelude,1997
218-31-1615,Mitsubishi,3000GT,1996
218-49-7300,Plymouth,Neon,1995
220-16-0476,Lexus,LX,2011
220-38-0208,Ford,Lightning,1994
222-39-8571,Lexus,LX,2005
223-67-9203,Chevrolet,Impala,2002
223-98-0846,Nissan,GT-R,2012
224-12-3436,Kia,Sportage,1998
224-30-9267,Chevrolet,Avalanche,2009
224-54-6919,Mercedes-Benz,SL-Class,1990
224-84-2271,Jeep,Liberty,2005
224-99-0668,Acura,TL,2008
225-08-5789,Mitsubishi,Expo,1995
225-64-2735,Mercedes-Benz,CLK-Class,2004
226-76-4452,Mazda,B-Series Plus,1992
227-72-7247,Mitsubishi,Lancer,2006
228-16-7922,Kia,Sportage,2001
228-55-2042,Ford,Mustang,1993
228-90-5077,GMC,Yukon,2009
229-44-9909,Toyota,MR2,2002
230-09-1794,Nissan,Xterra,2004
230-48-0684,Pontiac,Sunfire,1999
230-99-1485,Volkswagen,CC,2009
231-66-9264,GMC,Sonoma Club Coupe,1994
232-18-5397,Suzuki,Samurai,1995
233-27-2377,Pontiac,Firebird,1986
235-10-3518,Buick,Skylark,1992
236-31-8333,Mazda,B-Series,1997
236-37-2567,GMC,3500,1992
237-48-6737,Maserati,GranSport,2006
237-80-7039,Mazda,MPV,1992
238-13-8034,Suzuki,Swift,1994
238-39-9999,Mazda,Familia,1990
239-09-9133,Chevrolet,TrailBlazer,2004
239-37-4122,Chevrolet,Silverado 1500,2002
240-08-8805,Chevrolet,Corvette,1988
240-32-8915,Chrysler,Crossfire,2006
240-67-6258,Aston Martin,V8 Vantage,2008
242-22-9624,Nissan,350Z,2003
243-37-9496,Mitsubishi,Lancer,2003
243-44-4611,Mercedes-Benz,S-Class,1987
244-34-2210,Mercury,Villager,2002
244-52-7593,Lexus,SC,1992
244-79-3004,Scion,xB,2004
244-81-0671,Dodge,Caravan,1997
245-60-5880,Dodge,Dakota Club,1995
245-77-4110,Ford,Escape,2012
247-08-9326,Ford,E250,2008
247-86-5288,Audi,Q5,2010
248-07-9757,Toyota,Camry,1992
248-23-0150,BMW,645,2005
249-19-5514,GMC,Savana 1500,2008
253-61-8401,Chrysler,Voyager,2000
254-10-6071,Toyota,Tacoma Xtra,1996
254-92-9669,Mercedes-Benz,300SD,1993
255-81-0958,Plymouth,Colt,1992
256-54-7507,Chevrolet,Express 3500,2005
256-57-0666,Honda,S2000,2001
257-12-6834,Hyundai,Sonata,2010
257-59-8603,Mitsubishi,Lancer,2002
257-77-3669,Jeep,Wrangler,1993
258-22-6416,Mercury,Monterey,2007
259-38-5920,Plymouth,Acclaim,1993
261-14-9490,Chevrolet,Colorado,2006
262-09-2144,Bentley,Continental GTC,2008
262-46-7573,Kia,Sportage,2008
262-55-4066,Buick,Regal,2002
262-66-7030,Toyota,T100 Xtra,1998
264-39-3910,Mercedes-Benz,600SL,1993
266-86-9980,Suzuki,Reno,2006
267-75-6383,Ford,Courier,1989
269-01-2640,Dodge,Ram 1500,2001
271-04-0134,Ford,Bronco,1995
271-81-9938,Aston Martin,V8 Vantage,2008
271-93-3051,Lexus,IS-F,2012
272-50-7309,Chrysler,PT Cruiser,2003
272-81-7979,BMW,325,2005
273-49-8218,Mitsubishi,Eclipse,2003
274-50-3806,Subaru,Forester,2005
274-76-9883,Chevrolet,Impala,1995
276-05-2973,Acura,RDX,2010
278-55-5842,Toyota,Highlander,2002
278-64-4853,Suzuki,SX4,2010
279-12-7167,Mercedes-Benz,400SE,1992
279-40-5540,Isuzu,Stylus,1993
279-49-5682,Saab,3-Sep,2012
280-53-7447,Chrysler,Concorde,1994
280-98-4410,Lexus,SC,2000
281-23-3458,Infiniti,M,2010
282-83-9206,Toyota,4Runner,1997
283-04-6835,Buick,LeSabre,2001
286-26-4004,Pontiac,LeMans,1968
287-57-9688,Mitsubishi,L300,1987
287-66-2660,Volvo,V50,2010
288-54-7233,BMW,5 Series,2008
288-87-6462,Dodge,Stratus,2004
289-03-9882,Lincoln,Town Car,2001
289-09-8686,Ford,Explorer,1991
290-25-7300,Mazda,929,1991
290-82-4968,Ford,Club Wagon,1995
293-54-3694,Lexus,SC,1996
294-27-9936,Mercedes-Benz,SL-Class,1985
294-53-1911,Volvo,XC60,2012
295-63-7693,Mazda,Miata MX-5,2010
296-32-7910,GMC,Yukon XL 2500,2009
296-88-0097,Chrysler,Cirrus,1999
296-90-4908,Jensen,Interceptor,1967
297-63-1154,Toyota,Camry,2001
298-06-3497,Nissan,Altima,2012
298-69-9168,Mercedes-Benz,GL-Class,2007
298-70-6018,Acura,NSX,1997
298-79-7640,Ford,EXP,1988
299-03-6911,Dodge,Viper RT/10,1994
299-38-0483,GMC,Savana 1500,2005
299-77-1060,Infiniti,QX,1999
300-59-3610,Saturn,S-Series,2000
300-76-8770,Bentley,Arnage,2009
300-80-7209,Mercedes-Benz,C-Class,2009
301-26-4306,Mercury,Sable,2002
301-51-0522,Smart,Fortwo,2010
302-64-4858,Mercedes-Benz,S-Class,2001
304-48-4312,Audi,Allroad,2005
305-07-1498,Mercedes-Benz,G-Class,2006
306-23-2423,Mazda,929,1993
306-86-2930,GMC,Sierra Denali,2006
308-58-0964,Buick,Coachbuilder,1995
309-04-0364,Toyota,Tacoma,2011
309-38-8085,Mitsubishi,3000GT,1999
310-60-2027,GMC,Savana,2012
311-46-9296,BMW,525,2004
312-38-7084,Ford,Expedition EL,2012
312-59-3476,Lotus,Esprit,2000
312-77-3647,Saab,900,1992
313-02-7822,Dodge,Ram Wagon B150,1992
313-52-7312,Ford,Taurus,2013
315-12-5664,Buick,Riviera,1993
315-26-2241,Chevrolet,Silverado 2500,1999
315-44-9671,BMW,X6 M,2011
315-78-5587,Audi,5000S,1984
317-28-1600,Saab,3-Sep,2009
317-43-2055,Mitsubishi,Mirage,1984
318-58-5314,Jaguar,S-Type,2002
319-43-0465,Pontiac,Trans Sport,1999
320-90-1419,Cadillac,DeVille,1996
320-97-9147,Ford,F-Series Super Duty,2007
323-28-6705,Lincoln,Mark VII,1984
323-33-8689,Nissan,Versa,2008
324-39-5230,Honda,Prelude,1997
324-73-8895,Porsche,968,1992
324-75-6098,Mitsubishi,Mirage,1986
326-64-9957,Audi,RS4,2008
327-52-0546,Land Rover,Range Rover Sport,2008
327-88-7554,Toyota,Corolla,1994
330-99-3055,Mitsubishi,Montero,2001
332-83-6591,Mitsubishi,Chariot,1991
333-52-5097,Lotus,Esprit,1999
333-95-5025,Chevrolet,Monte Carlo,2002
335-35-1520,Lincoln,Town Car,1984
336-48-2579,Land Rover,Freelander,2001
339-27-8046,Chevrolet,Camaro,1998
339-71-2687,Mitsubishi,Raider,2007
341-10-6840,Porsche,911,1992
342-05-9057,Lamborghini,Gallardo,2003
342-55-0538,GMC,Sierra,2012
342-90-9333,Ford,Mustang,2001
343-20-8407,Mazda,MPV,2003
343-81-3179,Honda,Passport,1994
345-74-2160,Audi,S8,2002
347-09-3254,Jeep,Wrangler,1997
347-64-8652,Chevrolet,Metro,2001
348-73-4312,Eagle,Vision,1994
348-74-3224,BMW,X6 M,2012
349-53-8864,Ford,Focus,2000
349-67-7502,Volkswagen,Golf,1990
350-20-9593,Toyota,Echo,2002
350-80-4646,Chevrolet,Aveo,2008
351-73-2802,Volkswagen,Jetta,2001
355-21-9711,Ford,Festiva,1992
355-52-9767,Nissan,Sentra,2008
355-96-7706,Audi,100,1992
356-39-9199,Land Rover,Range Rover,2006
357-37-6094,Chevrolet,2500,1992
358-84-7049,Dodge,Dakota Club,2007
360-69-6230,Mitsubishi,Pajero,1985
361-06-1530,Plymouth,Laser,1992
361-42-7068,Ford,Club Wagon,1996
361-49-4597,Ford,F-Series,1993
361-83-5004,Audi,S4,2013
362-09-8563,Toyota,Paseo,1995
362-12-7902,Mitsubishi,Diamante,1994
364-25-0166,GMC,Yukon XL 1500,2004
364-65-2174,Cadillac,Escalade EXT,2007
366-61-0607,Ford,F350,2007
367-22-8998,Chevrolet,Express 2500,1997
367-62-4426,Saab,900,1999
370-01-6977,Chevrolet,Corvette,2002
370-24-5876,Honda,Civic,2005
370-72-6509,Saab,900,1991
371-28-5892,Chevrolet,Corvair,1960
371-44-0582,Mercedes-Benz,C-Class,1994
371-62-3727,Acura,NSX,2004
371-88-9249,Mitsubishi,Diamante,2001
372-44-7487,Buick,Riviera,1991
372-62-7057,Mercedes-Benz,S-Class,1990
373-67-2734,Isuzu,Hombre Space,1997
374-47-0262,GMC,Rally Wagon 1500,1992
378-08-0805,Volvo,S40,2010
378-60-2472,Dodge,Ram 2500,2000
378-66-0449,Dodge,Daytona,1984
378-79-0193,Chevrolet,Avalanche 1500,2004
378-88-6805,Ford,Festiva,1992
379-07-8748,Honda,Accord,2011
380-33-9730,Jaguar,X-Type,2003
380-35-3854,Honda,Passport,1994
383-18-4058,Audi,Cabriolet,1994
384-30-6793,Suzuki,Grand Vitara,2012
384-94-2772,Porsche,Cayman,2008
385-30-1777,Volvo,S80,2009
385-34-7828,Lexus,GS,2010
385-98-0431,Rolls-Royce,Phantom,2011
386-15-7960,Subaru,Brat,1987
386-34-4088,Chevrolet,Corvette,2005
386-68-9884,Subaru,Tribeca,2012
386-97-3523,Aston Martin,V8 Vantage S,2011
389-31-0910,Chevrolet,Express 2500,2008
389-51-1424,BMW,M5,2000
389-84-8254,Honda,S2000,2006
390-74-3062,Audi,TT,2002
391-14-9280,Hyundai,Genesis,2010
391-47-4578,Dodge,Ram 1500,1997
391-73-2830,Subaru,Outback,2004
393-22-6585,Panoz,Esperante,2008
396-51-1559,Infiniti,Q,1993
397-16-5372,Chevrolet,Lumina,1995
397-29-8349,Hyundai,Elantra,1995
397-87-8282,Chevrolet,Blazer,1998
399-31-2815,Chevrolet,Cavalier,1996
399-63-8810,Acura,Integra,1992
399-81-6133,Cadillac,Allante,1992
400-21-8654,Ford,Escort,2002
400-77-6007,GMC,Savana 2500,2001
402-61-3479,Oldsmobile,Alero,2000
402-65-2055,Saab,3-Sep,2001
402-88-5570,Acura,RSX,2002
403-65-1535,Mitsubishi,Eclipse,1992
404-57-4023,Mazda,Mazda3,2011
405-25-1422,BMW,5 Series,2006
406-15-5123,Dodge,Caravan,2000
406-24-4867,Audi,Allroad,2004
406-49-0634,Toyota,Corolla,2003
407-30-0910,Audi,Coupe GT,1985
407-80-7367,Audi,5000S,1986
407-99-6159,Chevrolet,Sportvan G20,1993
408-83-7943,Mitsubishi,Eclipse,2005
408-98-3291,Geo,Metro,1992
409-58-2034,Audi,A4,2001
409-90-8946,Toyota,Paseo,1994
410-38-4237,Saab,5-Sep,2009
410-76-5092,Dodge,Avenger,2008
411-21-4276,Kia,Sephia,1997
411-43-4217,Buick,Century,1986
411-79-4655,Toyota,Sienna,2003
412-50-9133,Lamborghini,Gallardo,2003
412-59-0452,Honda,Prelude,1985
412-59-8022,Lexus,ES,1997
412-79-8951,Volkswagen,Golf,2011
413-14-3928,Ford,Aerostar,1996
413-56-5613,Dodge,D150,1993
415-42-0898,Ford,Fiesta,2001
415-74-2251,Ford,Mustang,1964
416-37-7763,Mercedes-Benz,SL-Class,1992
416-38-3607,BMW,3 Series,1997
416-80-6367,Lexus,LX,2008
416-87-0469,Ford,Windstar,1999
418-72-1888,Mitsubishi,Pajero,1996
418-99-6659,Mitsubishi,Lancer Evolution,2008
420-46-7789,Chevrolet,Express 2500,2005
420-52-3813,Buick,LaCrosse,2006
421-01-2511,Ford,F350,2012
421-13-9794,Mitsubishi,Eclipse,1996
421-20-3448,Ford,Crown Victoria,1998
421-88-7316,Toyota,Xtra,1993
422-67-4000,Acura,MDX,2008
423-62-1820,Mitsubishi,GTO,1992
423-88-4721,Toyota,Yaris,2008
424-22-9138,Oldsmobile,Silhouette,2000
424-91-0692,Ford,Escape,2008
424-92-0863,Suzuki,Sidekick,1996
426-09-8331,Mercedes-Benz,S-Class,1985
426-33-4523,Chrysler,Town & Country,2001
426-52-3410,Toyota,FJ Cruiser,2009
426-61-5374,GMC,Sierra Hybrid,2006
427-12-4625,Mercury,Cougar,1989
427-36-0095,Audi,S5,2010
427-96-6355,Maserati,Spyder,2002
428-19-2946,Ford,Taurus,2012
428-79-0781,Ford,Taurus,1993
429-43-7811,Lexus,GX,2005
430-27-6236,Chevrolet,Colorado,2008
430-27-8349,Porsche,944,1991
432-25-8923,Lincoln,MKX,2008
433-08-7855,Pontiac,Torrent,2009
434-41-2365,Ford,F-Series,1987
435-34-0115,Volkswagen,Passat,2000
438-80-0430,Ford,Explorer,2009
438-82-1280,Cadillac,XLR,2009
440-60-4889,Honda,Ridgeline,2011
441-19-1376,Plymouth,Grand Voyager,1999
442-15-1994,Volkswagen,Golf III,1994
444-01-3823,GMC,Yukon,2012
445-49-0727,Nissan,Frontier,1999
445-62-3843,Hummer,H1,1994
446-16-1946,Jaguar,XJ Series,2002
446-73-1646,Buick,Regal,1996
447-05-5935,Rolls-Royce,Phantom,2009
449-38-7421,Buick,Century,2004
450-04-1023,Chevrolet,Corvette,1978
450-36-3771,Ford,Mustang,1997
450-36-4561,BMW,X6,2009
450-45-5021,Dodge,Avenger,2011
450-56-7231,Ford,Freestyle,2005
450-96-2075,Lamborghini,Diablo,1999
451-34-5996,Volkswagen,Routan,2011
451-52-8000,Ford,Club Wagon,1997
452-26-9999,Subaru,Legacy,1998
453-99-0644,GMC,Acadia,2008
454-36-4371,Toyota,T100 Xtra,1997
455-67-4513,Mercedes-Benz,SLK-Class,2000
455-74-3521,Ford,Mustang,2001
455-83-6194,Chevrolet,Impala,2005
457-55-3869,Mitsubishi,Pajero,2003
457-57-7890,Pontiac,Grand Am,2002
457-97-6863,Lincoln,Continental,1984
458-97-0499,Mitsubishi,Endeavor,2011
459-29-7955,Infiniti,G,2007
460-65-0321,Subaru,Impreza,2006
461-84-2780,GMC,Sonoma,1993
461-88-8139,GMC,Jimmy,1997
464-21-1055,Subaru,Impreza,1998
464-84-7886,Cadillac,Escalade EXT,2008
465-96-0362,Chevrolet,Cruze,2012
468-88-6064,Suzuki,Equator,2012
469-08-0077,Mercury,Mountaineer,2000
469-96-1488,Chevrolet,Silverado 1500,2008
470-34-5693,Geo,Metro,1992
470-94-7669,Chevrolet,Express 1500,2002
471-28-1745,Mazda,RX-7,1990
472-23-0389,Mazda,Mazda5,2010
473-65-7769,Land Rover,Range Rover,2006
474-56-7332,Plymouth,Voyager,1995
474-95-1775,Ford,Explorer Sport,2003
475-15-5394,Honda,Accord,2008
475-24-1840,Chevrolet,HHR,2008
475-47-5055,Maserati,Biturbo,1984
476-27-0948,Dodge,Intrepid,2001
476-68-8276,Porsche,928,1994
477-30-0077,Chevrolet,G-Series G20,1995
478-14-8720,GMC,1500 Club Coupe,1999
479-49-8804,Smart,Fortwo,2008
480-53-4039,Chevrolet,Express 3500,2010
481-10-0098,Subaru,XT,1985
481-87-3503,Pontiac,Grand Prix,1994
482-88-7624,Hyundai,Sonata,2010
484-06-9645,Mercury,Tracer,1991
484-36-9255,Ford,Aerostar,1987
484-75-5799,BMW,M3,2005
485-39-0911,Volvo,S40,2003
485-79-8123,Chevrolet,Corvette,1995
486-87-1145,Chevrolet,Beretta,1993
488-02-2147,GMC,Acadia,2007
488-12-7780,Jaguar,XJ,2010
489-57-4785,Volkswagen,New Beetle,1999
491-36-8648,Audi,4000s,1986
491-38-3802,Mazda,Mazda5,2006
491-89-4895,Oldsmobile,Cutlass Supreme,1993
491-90-1059,Mazda,323,1992
493-09-7972,Dodge,Grand Caravan,1995
495-15-7369,Audi,A6,2012
495-62-6374,Chevrolet,Lumina,2000
495-64-2134,Volkswagen,Jetta,1999
495-89-7170,Lotus,Evora,2010
497-69-5399,Toyota,Prius,2009
497-73-2347,Volkswagen,New Beetle,2010
499-07-4759,Honda,Civic Si,2006
499-31-5371,Saab,5-Sep,2003
499-42-7583,Rolls-Royce,Phantom,2009
499-44-2439,Ford,F250,2001
499-99-6990,Lexus,LX,2000
500-14-7051,Ford,Escort,1992
500-41-0658,Lexus,LS,1999
500-45-7881,Mitsubishi,Galant,1991
500-71-6995,Chevrolet,Impala,2008
502-07-7030,GMC,Savana 1500,2009
502-60-9632,Mercedes-Benz,400SEL,1993
504-41-5919,Honda,Pilot,2006
505-37-1520,Kia,Sephia,1996
505-88-6030,GMC,Sierra 3500,2000
506-02-3957,Chevrolet,Silverado,2002
507-40-9429,Ford,Fiesta,2011
507-67-9726,GMC,Jimmy,1993
507-99-2334,Chevrolet,Tahoe,2001
508-54-3168,Chevrolet,Express 1500,1997
509-39-1128,Chevrolet,Silverado 1500,2000
509-46-4927,Acura,TL,2002
510-34-4633,Lexus,GS,2000
511-28-0914,Hyundai,XG350,2003
511-95-4867,Suzuki,Reno,2005
513-68-2140,Ford,F350,2012
515-47-1848,Volkswagen,Passat,1987
517-05-0600,Ford,Expedition,2000
519-15-9299,Ford,LTD Crown Victoria,1987
519-58-0341,Audi,TT,2005
520-81-0974,Chevrolet,Metro,1998
521-82-5436,Ford,Tempo,1994
522-54-3565,Pontiac,Aztek,2001
523-07-2359,Buick,Rendezvous,2004
523-44-3601,Pontiac,Bonneville,2001
523-53-2420,Ford,Explorer,2003
523-85-4846,Porsche,944,1983
523-91-3280,Jaguar,X-Type,2007
524-28-4450,Volkswagen,Golf,1990
526-45-2767,Dodge,Grand Caravan,2002
526-98-9361,Chevrolet,Camaro,2001
527-55-3736,Cadillac,CTS,2005
527-72-3566,GMC,Jimmy,1992
528-10-7051,Honda,Element,2009
528-26-2803,Mercury,Tracer,1994
531-38-1945,Saturn,S-Series,1995
531-53-5021,Suzuki,SJ,1990
531-67-4340,Corbin,Sparrow,1999
531-79-0948,Mercedes-Benz,S-Class,2002
532-36-4145,Toyota,Tundra,2009
534-50-6091,Chevrolet,Silverado,2007
534-68-0554,Infiniti,G37,2011
534-86-8290,Jeep,Grand Cherokee,2000
535-66-3671,Mazda,Millenia,1999
536-23-6599,Cadillac,XLR,2005
537-46-3891,Mitsubishi,Truck,1996
538-46-6131,Jaguar,XJ Series,2002
538-68-5142,Jeep,Grand Cherokee,1997
541-54-1497,BMW,M5,2007
542-74-6343,Buick,Riviera,1996
543-38-7657,Lotus,Esprit,2004
543-61-1911,Dodge,Aries,1981
543-67-6841,Pontiac,Montana,2003
545-66-8802,Ford,Mustang,2009
547-35-4478,GMC,Safari,1997
548-72-2840,Lamborghini,Gallardo,2003
549-90-2887,GMC,Suburban 1500,1998
551-57-4018,Volkswagen,Passat,2010
551-92-2534,Ford,Bronco,1993
552-61-0289,Infiniti,Q,1996
553-77-2419,Chevrolet,Silverado,2008
555-99-5216,Buick,Somerset,1985
556-13-4040,Volkswagen,GTI,2002
557-28-9953,Buick,Skylark,1986
557-33-7476,Infiniti,G,2003
557-77-8703,Mazda,MPV,1996
558-37-7838,Mitsubishi,Galant,1997
559-33-6365,Hyundai,Accent,1998
559-54-7102,Nissan,Quest,2004
560-06-2687,Jeep,Wrangler,2010
561-96-2313,Jeep,Grand Cherokee,1996
561-98-2281,Toyota,RAV4,2005
562-62-6370,Mitsubishi,Challenger,1999
563-21-6857,Cadillac,XLR,2006
563-27-3427,Dodge,Nitro,2009
564-89-9688,Mercury,Grand Marquis,2009
566-56-7324,Volvo,C30,2009
566-62-0141,Honda,S2000,2005
567-02-8700,Land Rover,Defender Ice Edition,2010
567-82-8701,Chevrolet,Aveo,2008
569-26-2487,Chevrolet,Silverado 1500,2010
569-52-7923,Dodge,Ram 1500 Club,2001
570-01-5640,Volkswagen,GTI,1986
570-86-3275,Mazda,B-Series,1988
571-12-4962,Dodge,Ram Van 1500,2001
572-82-5200,Pontiac,Bonneville,1964
573-94-0348,Mercedes-Benz,C-Class,2010
573-97-4729,Saturn,Relay,2007
574-60-0475,Mercedes-Benz,S-Class,1989
574-91-3682,Bentley,Continental Flying Spur,2012
576-18-1075,Mercury,Sable,1993
576-41-7443,Mitsubishi,Endeavor,2008
578-02-0932,Chevrolet,2500,1999
578-58-6435,Aston Martin,Vantage,2010
579-87-4014,Pontiac,Daewoo Kalos,2006
581-15-8015,Mercedes-Benz,R-Class,2007
581-95-7591,Mercedes-Benz,SL-Class,1985
582-71-1805,Lotus,Elise,2005
583-61-3519,Chevrolet,Suburban 1500,2008
583-76-7497,GMC,1500 Club Coupe,1999
585-03-2819,Buick,Regal,1997
585-96-1853,Mercedes-Benz,S-Class,1987
586-85-4199,Chevrolet,SSR,2005
587-94-0609,Lexus,RX,2013
588-48-7326,BMW,7 Series,2007
589-15-0686,Ford,F250,1994
591-02-4614,Mazda,Familia,1988
591-09-5002,Pontiac,Montana,1999
591-34-2920,Volkswagen,Golf,1998
592-23-4343,Ford,F150,2000
594-37-6620,Cadillac,XLR,2006
594-80-1212,Land Rover,Range Rover,2008
595-51-3047,Buick,Skylark,1989
595-67-1091,Volvo,C70,2002
597-45-6867,Ford,Tempo,1988
597-53-1918,Mercedes-Benz,E-Class,2010
597-63-4107,Saturn,S-Series,1993
598-39-5585,Mazda,323,1994
599-56-9050,Bentley,Arnage,2008
599-69-3085,Lamborghini,Gallardo,2012
599-69-5584,Chevrolet,Corvette,1953
600-52-7214,Lotus,Exige,2010
601-01-2163,Lexus,GX,2003
601-04-5606,GMC,Savana 2500,2003
601-06-5384,Suzuki,Reno,2005
603-31-3174,Chevrolet,G-Series 2500,1998
603-34-9733,Toyota,Highlander,2010
603-76-5257,Kia,Rio,2013
604-19-5709,Honda,Prelude,1993
605-15-8306,Saab,9000,1988
605-26-7064,Cadillac,Eldorado,2002
605-55-6033,Volkswagen,New Beetle,2012
608-13-9301,GMC,Savana 1500,2009
612-27-1398,Audi,TT,2004
612-30-5754,Ford,Falcon,1966
615-38-6466,Mercury,Mountaineer,2000
617-38-3504,Lincoln,Town Car,1984
617-71-4058,Bentley,Arnage,2005
618-35-5798,Daewoo,Lanos,2001
620-81-4914,Pontiac,GTO,1973
623-98-4252,Panoz,Esperante,2006
624-99-0933,Kia,Amanti,2004
625-84-8454,Saab,3-Sep,2004
627-36-1126,Buick,LeSabre,1985
627-91-0537,Mercedes-Benz,500E,1992
629-10-9201,Oldsmobile,Silhouette,1994
629-13-0131,Honda,Odyssey,2009
629-54-4455,Land Rover,Discovery,2004
629-91-9506,GMC,Savana 2500,2007
630-21-7841,Nissan,240SX,1994
631-44-9168,Mercury,Grand Marquis,1996
631-72-9770,Geo,Metro,1995
633-96-5921,Buick,LeSabre,2004
634-42-8798,Volvo,S40,2004
634-90-4851,Kia,Sedona,2012
635-99-3249,Oldsmobile,LSS,1999
637-74-3365,Acura,NSX,2005
639-08-7138,Mitsubishi,L300,1990
640-86-4661,Nissan,Frontier,2001
641-11-8353,Buick,LeSabre,2005
643-10-4736,Nissan,350Z Roadster,2006
644-68-2955,Acura,RDX,2012
644-70-8292,Chevrolet,Classic,2004
645-33-6872,BMW,M5,2003
646-69-6845,Hyundai,Scoupe,1993
647-24-7807,Dodge,Caravan,1993
647-82-5575,Audi,A8,2005
648-50-5566,Ford,Bronco II,1984
648-92-3395,Volvo,850,1995
650-63-9841,Chevrolet,Lumina,2000
650-73-2431,GMC,Yukon XL 1500,2007
650-89-8244,Lexus,GX,2010
651-83-5203,Dodge,Ram Wagon B150,1994
652-46-3664,Nissan,Xterra,2008
652-96-9901,Oldsmobile,Silhouette,2000
653-23-1607,Ford,Mustang,2004
653-49-0510,Chevrolet,Monte Carlo,1995
654-61-1601,BMW,M5,2008
654-68-3903,GMC,3500,1994
654-75-3300,Ford,Expedition,2004
655-98-7788,Suzuki,X-90,1997
656-92-1337,Mazda,626,1993
658-21-3014,Ford,Bronco,1995
658-34-0029,BMW,M Roadster,2008
658-97-8544,Lamborghini,Murci√©lago,2005
659-43-4520,Toyota,Tacoma,2003
667-57-3442,Toyota,Sequoia,2006
667-87-7090,Kia,Sephia,1998
669-12-9323,Hyundai,Sonata,2004
669-83-8959,Buick,LeSabre,2004
670-56-7817,Volvo,S80,2007
670-66-6403,Mitsubishi,Endeavor,2008
670-67-9679,Infiniti,Q,1993
670-89-3434,Acura,Legend,1988
671-16-1411,Lexus,HS,2012
671-71-9470,Porsche,924 S,1987
671-76-8792,Audi,Q7,2010
672-60-8782,Mazda,Miata MX-5,1996
673-83-5713,Toyota,Celica,2000
674-64-0219,Mercury,Sable,1992
675-31-0953,Volvo,S80,2010
675-41-4272,Toyota,T100,1997
678-60-4630,GMC,Sonoma Club Coupe,1993
679-22-5301,Chevrolet,Monza,1975
680-11-2707,Chevrolet,Beretta,1992
681-72-2644,Chevrolet,Malibu,2001
682-06-8032,GMC,2500 Club Coupe,1996
682-68-1965,GMC,Yukon XL 2500,2009
682-73-2035,Land Rover,Range Rover,1987
684-49-8302,Mitsubishi,Raider,2009
684-95-5429,Mitsubishi,Challenger,1998
686-22-5917,Ford,Crown Victoria,1992
687-27-5241,Acura,TSX,2011
687-98-6782,Toyota,Prius,2007
689-25-7868,Toyota,T100,1998
690-61-7133,Lotus,Esprit,1989
692-31-0697,Volvo,850,1997
692-38-3792,Dodge,Viper,2000
694-86-1783,Pontiac,Grand Prix,1963
695-51-8778,Ford,Ranger,1985
696-10-4037,Mitsubishi,Chariot,1987
696-45-6436,Pontiac,6000,1989
698-76-6576,Ford,Explorer,2002
698-94-3612,Lincoln,Aviator,2004
699-17-4497,Audi,A6,2008
700-49-1211,Jeep,Grand Cherokee,2004
700-73-0102,Ford,F150,2003
701-06-8590,Toyota,Tercel,1994
701-53-6262,Mercedes-Benz,E-Class,2012
702-02-6635,Toyota,Celica,2005
702-67-5109,Morgan,Aero 8,2009
704-72-4439,Toyota,Corolla,1995
705-15-6989,Toyota,Land Cruiser,2005
705-98-0229,Chevrolet,Express 2500,2006
709-73-6600,Buick,Rendezvous,2005
714-55-2111,Pontiac,Vibe,2007
715-89-3174,Ford,Crown Victoria,2007
717-91-7919,Maybach,57,2007
718-89-7490,Nissan,200SX,1997
718-91-6110,Infiniti,I,2004
719-05-6621,Chevrolet,Silverado 2500,2003
719-96-8751,Audi,4000,1987
720-63-4381,Mitsubishi,Lancer Evolution,2010
722-30-1903,Infiniti,I,1997
722-64-9283,Mercedes-Benz,300TE,1993
723-36-6692,Dodge,Viper,2003
724-90-0728,Cadillac,Eldorado,1998
725-23-0793,Volkswagen,R32,2008
727-48-6769,Audi,S4,2009
727-82-4383,Dodge,Avenger,1998
728-54-5322,Cadillac,STS,2009
729-95-1691,Volvo,S60,2001
731-22-8474,Mitsubishi,Starion,1985
733-29-1354,Chevrolet,1500,1993
733-78-5243,Lincoln,MKX,2010
735-42-4024,Bentley,Continental Super,2011
736-60-2127,Nissan,Xterra,2002
737-89-8983,Mitsubishi,GTO,1995
738-38-4091,Maserati,Karif,1990
738-65-3635,Infiniti,I,1999
740-64-7874,Buick,Regal,2012
741-53-2153,Dodge,D350 Club,1992
741-56-7694,Suzuki,Swift,1994
741-90-1249,Oldsmobile,Silhouette,1996
743-75-2371,Chevrolet,Tahoe,2011
743-87-2936,Toyota,Corolla,1996
744-87-2990,Dodge,Caravan,2003
745-19-1777,GMC,Savana 1500,2005
746-55-1405,Volvo,S80,2008
747-12-8456,Lexus,HS,2011
749-85-8879,Mercedes-Benz,M-Class,2002
753-94-0630,Ford,Aerostar,1992
753-98-5796,Volvo,S40,2011
754-28-9729,Mercedes-Benz,190E,1992
754-49-4659,Oldsmobile,Ciera,1995
755-08-4000,Acura,CL,1999
756-40-2283,Ford,Crown Victoria,1995
758-20-5576,Ford,Escape,2008
761-01-2227,Dodge,Grand Caravan,2000
761-64-5650,Mazda,Millenia,1998
762-43-8029,Lincoln,Navigator,2001
763-09-1587,Chevrolet,Corvette,1995
764-93-2248,Chevrolet,Monte Carlo,2004
765-35-8117,Nissan,Pathfinder,1992
765-45-5973,Hyundai,Accent,1998
765-87-9144,Audi,A4,2001
767-05-4859,Chevrolet,Silverado 3500,2007
767-55-6767,Mercedes-Benz,600SEC,1993
768-54-5764,Mercury,Grand Marquis,1997
768-74-8540,Mercedes-Benz,600SEC,1993
770-61-8252,Bentley,Arnage,2008
771-20-6900,Mazda,Mazda6,2007
771-71-0505,Ford,Festiva,1989
773-21-9639,Mitsubishi,Starion,1984
773-53-7438,Volvo,V40,2001
773-82-1734,Porsche,Boxster,1999
774-08-5376,Jeep,Commander,2006
775-09-9949,Ford,Tempo,1987
777-05-1491,Pontiac,Firefly,1989
777-68-2978,Austin,Mini,1959
777-94-4586,Oldsmobile,Ciera,1996
778-74-8262,Chevrolet,Sportvan G30,1993
779-59-1449,Mitsubishi,Mighty Max,1992
780-69-8282,Pontiac,Firebird,1991
781-88-2076,Toyota,Yaris,2009
782-46-9660,Subaru,Outback,2000
782-60-6848,Chevrolet,Blazer,2005
783-22-9258,Buick,Skylark,1990
784-88-0730,Pontiac,Firebird,2000
785-14-5978,Kia,Carens,2008
786-56-3561,Ford,Tempo,1986
786-63-6223,Hyundai,Accent,2008
787-05-9008,GMC,Savana 1500,1997
787-09-5697,Lexus,GS,1993
787-10-7877,Buick,Coachbuilder,1991
788-15-2625,Suzuki,SJ,1992
789-70-1821,Saab,5-Sep,2004
790-04-1283,Mercury,Mountaineer,1998
792-71-8046,Infiniti,Q,2002
794-24-3802,Land Rover,Discovery,2000
795-56-6486,Chrysler,300,2008
795-77-5263,Ford,E150,2010
797-05-2289,Dodge,Journey,2010
797-25-9814,Lexus,HS,2012
797-65-2382,Volkswagen,Scirocco,1985
797-87-7992,Volkswagen,Scirocco,1985
798-34-1082,Lotus,Esprit,1987
798-65-5644,Lexus,ES,1993
800-06-9721,Toyota,Highlander,2003
801-08-8313,Suzuki,Grand Vitara,2006
801-92-6460,Toyota,Sienna,1999
801-99-2773,Ford,E-Series,1986
804-46-0617,GMC,Sierra 2500,2011
807-13-5922,Cadillac,Seville,2001
807-24-6202,Hyundai,Accent,2000
807-25-6136,Oldsmobile,Toronado,1966
807-35-8936,Dodge,Ram 1500,2005
807-50-8539,Pontiac,Montana,2005
807-60-5615,Dodge,Viper,2000
808-55-8658,Buick,Coachbuilder,1994
808-80-2542,Dodge,Ram,2009
811-65-2750,Oldsmobile,Cutlass,1998
812-11-9403,Pontiac,Turbo Firefly,1990
813-42-4142,Isuzu,Rodeo Sport,2002
813-47-5215,Lamborghini,Diablo,1994
815-83-0300,GMC,3500,1994
816-31-3858,Chevrolet,Silverado 3500,2004
816-47-4782,Cadillac,Fleetwood,1996
816-90-2049,Dodge,Durango,2012
817-04-1950,Audi,A4,2003
817-25-7437,Dodge,Sprinter,2009
817-80-8930,Subaru,Legacy,2002
818-61-0770,Jaguar,X-Type,2002
819-52-5886,Infiniti,I,2003
819-64-1414,Lincoln,Aviator,2004
820-96-1105,Isuzu,Hombre,1998
822-05-9037,Acura,MDX,2001
822-30-4861,Honda,Element,2010
823-27-0762,Aston Martin,DB9,2011
823-75-5753,GMC,1500,1997
824-89-4169,Mercedes-Benz,G-Class,2006
826-97-8029,Dodge,Viper,2003
827-62-4599,Mazda,Miata MX-5,2002
830-23-1573,Land Rover,Defender,1994
831-44-3286,Mitsubishi,Mirage,2000
833-01-1428,Kia,Sephia,1995
835-54-3785,Dodge,Sprinter,2006
836-40-1837,Mercedes-Benz,R-Class,2006
836-99-3309,Honda,Fit,2012
837-76-5619,Aptera,Type-1h,2010
838-69-1351,Mitsubishi,Outlander Sport,2011
840-41-7929,Mazda,Miata MX-5,1996
841-64-8517,Volkswagen,Passat,1996
842-90-7557,Pontiac,Grand Am,1985
844-15-4668,GMC,Vandura 3500,1993
844-50-7305,Mitsubishi,Montero,2001
846-07-1407,Eagle,Vision,1997
846-09-9851,Subaru,Legacy,2002
846-59-9961,Volkswagen,Jetta,1999
847-34-4817,Nissan,350Z,2003
847-61-7656,Mitsubishi,Galant,1996
848-58-3386,Toyota,RAV4,2007
848-74-2886,Hyundai,Accent,2011
848-76-8808,Toyota,Celica,1998
849-31-1551,Ford,Crown Victoria,2011
849-64-6624,Panoz,Esperante,2006
849-98-2973,Mazda,B-Series,1993
851-94-2162,Chevrolet,Cobalt,2010
852-15-7707,Mazda,MX-5,2010
853-11-8953,Pontiac,Fiero,1987
853-47-3648,Infiniti,I,2003
854-68-7635,Pontiac,Grand Prix,1991
854-71-2983,Subaru,SVX,1993
854-79-5334,Jeep,Cherokee,1996
856-18-3980,Toyota,MR2,1992
856-27-9112,BMW,3 Series,2011
856-67-4080,Dodge,Grand Caravan,2007
857-37-5902,Lotus,Esprit,1996
858-03-7735,Porsche,944,1984
858-27-9190,Suzuki,Swift,1997
860-67-0256,Toyota,Tacoma,2001
860-89-2570,Dodge,Dakota,2007
861-50-6716,BMW,M5,2007
862-20-0653,Mazda,B-Series,2002
864-22-9364,Acura,ZDX,2011
864-91-7489,Pontiac,Grand Am,2004
866-18-1440,Volvo,S60,2002
866-53-0625,Chevrolet,Blazer,1997
867-11-6007,Volvo,S80,2001
867-13-6844,Land Rover,Range Rover,1986
867-88-2360,Ford,F-Series,1987
868-32-1805,Chevrolet,Colorado,2007
870-12-6609,Mercedes-Benz,W201,1991
870-93-1121,Mitsubishi,Pajero,1998
871-99-3191,Toyota,Sienna,2000
872-18-9267,Audi,A4,2010
872-49-1288,Acura,Integra,1997
873-36-4733,Austin,Mini Cooper,1964
875-18-9454,Mitsubishi,Diamante,1993
875-75-0495,Hyundai,Tiburon,2000
878-12-8265,Chrysler,Concorde,1998
880-22-4449,Toyota,Camry,2008
881-19-5974,Infiniti,G,2004
881-88-7308,Subaru,SVX,1994
881-95-7180,BMW,M6,2009
882-49-5290,GMC,Savana 3500,2011
884-61-1852,Plymouth,Neon,1996
887-41-7878,Lexus,GS,2013
887-83-9002,Audi,S6,2011
888-50-7008,Nissan,Armada,2008
888-53-7684,Volkswagen,Jetta,1991
888-82-4928,Volvo,S60,2005
890-28-9962,GMC,Savana 1500,2000
893-12-0901,Lotus,Esprit,1991
893-17-7318,Chevrolet,Lumina,1995
894-81-0628,Kia,Sedona,2012
895-26-1658,Toyota,Land Cruiser,2003
895-26-5515,Acura,TL,1999
897-76-7070,BMW,X3,2011
898-03-3165,Toyota,Xtra,1994
898-86-8860,Lotus,Esprit,2003
899-09-1766,Toyota,Camry,2012
899-39-7179,Infiniti,FX,2006
899-39-7378,Toyota,Land Cruiser,1999
899-47-6116,Volkswagen,Phaeton,2005
