Summons Number,Plate ID,Registration State,Plate Type,Issue Date,Violation Code,Vehicle Body Type,Vehicle Make,Violation Description
4006478550,VAD7274,VA,PAS,10/5/2016,5,4D,BMW,BUS LANE VIOLATION
4006462396,22834JK,NY,COM,9/30/2016,5,VAN,CHEVR,BUS LANE VIOLATION
4007117810,21791MG,NY,COM,4/10/2017,5,VAN,DODGE,BUS LANE VIOLATION
4006265037,FZX9232,NY,PAS,8/23/2016,5,SUBN,FORD,BUS LANE VIOLATION
4006535600,N203399C,NY,OMT,10/19/2016,5,SUBN,FORD,BUS LANE VIOLATION
4007156700,92163MG,NY,COM,4/13/2017,5,VAN,FRUEH,BUS LANE VIOLATION
4006687989,MIQ600,SC,PAS,11/21/2016,5,VN,HONDA,BUS LANE VIOLATION
4006943052,2AE3984,MD,PAS,2/1/2017,5,SW,LINCO,BUS LANE VIOLATION
4007306795,HLG4926,NY,PAS,5/30/2017,5,SUBN,TOYOT,BUS LANE VIOLATION
4007124590,T715907C,NY,OMT,4/3/2017,5,SUBN,TOYOT,BUS LANE VIOLATION
5096061966,HRC9475,NY,PAS,4/18/2017,7,SUBN,CADIL,FAILURE TO STOP AT RED LIGHT
5094070400,DYP8042,NY,PAS,10/26/2016,7,SUBN,CHEVR,FAILURE TO STOP AT RED LIGHT
5094906770,G30ESY,NJ,PAS,1/1/2017,7,WAGO,CHRYS,FAILURE TO STOP AT RED LIGHT
5093319363,GGT8868,NY,PAS,9/6/2016,7,SUBN,CHRYS,FAILURE TO STOP AT RED LIGHT
5092638849,107DDD,NY,SPO,7/20/2016,7,SUBN,DODGE,FAILURE TO STOP AT RED LIGHT
5093455337,ENQT55,FL,PAS,9/12/2016,7,VN,DODGE,FAILURE TO STOP AT RED LIGHT
5094961366,GSU4156,OH,PAS,1/7/2017,7,4S,DODGE,FAILURE TO STOP AT RED LIGHT
5092906534,V84FXV,NJ,PAS,8/7/2016,7,WAGO,FIR,FAILURE TO STOP AT RED LIGHT
5093620865,AD80228,AZ,PAS,9/24/2016,7,TK,FORD,FAILURE TO STOP AT RED LIGHT
5092733548,EVX4041,NY,PAS,7/26/2016,7,SUBN,FORD,FAILURE TO STOP AT RED LIGHT
5095995530,EMK5934,NY,PAS,4/13/2017,7,VAN,GMC,FAILURE TO STOP AT RED LIGHT
5092750364,DPH8955,NY,PAS,7/27/2016,7,SUBN,HONDA,FAILURE TO STOP AT RED LIGHT
5094658001,GCF1897,NY,PAS,12/10/2016,7,4DSD,HONDA,FAILURE TO STOP AT RED LIGHT
5092833786,HCS9434,NY,PAS,8/3/2016,7,SUBN,HONDA,FAILURE TO STOP AT RED LIGHT
5096484040,HHS1641,NY,PAS,5/17/2017,7,SUBN,HONDA,FAILURE TO STOP AT RED LIGHT
5095797586,KHE1889,PA,PAS,3/28/2017,7,SDN,HONDA,FAILURE TO STOP AT RED LIGHT
5095799807,VES2440,VA,PAS,3/29/2017,7,VAN,HONDA,FAILURE TO STOP AT RED LIGHT
5093533919,CYU4598,NY,PAS,9/16/2016,7,SUBN,HYUND,FAILURE TO STOP AT RED LIGHT
5093399735,DZGT24,FL,PAS,9/4/2016,7,UT,HYUND,FAILURE TO STOP AT RED LIGHT
5094058873,GRN3101,NY,PAS,10/29/2016,7,4DSD,HYUND,FAILURE TO STOP AT RED LIGHT
5094770986,T668962C,NY,OMT,12/19/2016,7,4DSD,HYUND,FAILURE TO STOP AT RED LIGHT
5093895611,GVZ1407,NY,PAS,10/14/2016,7,4DSD,JAGUA,FAILURE TO STOP AT RED LIGHT
5094185792,AGM9013,NY,PAS,11/4/2016,7,SUBN,JEEP,FAILURE TO STOP AT RED LIGHT
5092708219,F47DZF,NJ,PAS,7/24/2016,7,4 DR,JEEP,FAILURE TO STOP AT RED LIGHT
5094759954,GLB8157,NY,PAS,12/19/2016,7,SUBN,JEEP,FAILURE TO STOP AT RED LIGHT
5093891046,FJS4033,NY,PAS,10/14/2016,7,4DSD,LEXUS,FAILURE TO STOP AT RED LIGHT
5093527853,GYM9809,NY,PAS,9/21/2016,7,4DSD,LEXUS,FAILURE TO STOP AT RED LIGHT
5096683886,HCS4873,NY,PAS,5/18/2017,7,4DSD,LEXUS,FAILURE TO STOP AT RED LIGHT
5096917368,FZD8593,NY,PAS,6/13/2017,7,SUBN,ME/BE,FAILURE TO STOP AT RED LIGHT
5094893737,GER1584,NY,PAS,12/31/2016,7,4DSD,ME/BE,FAILURE TO STOP AT RED LIGHT
5096249300,HEM8411,NY,PAS,5/1/2017,7,4DSD,ME/BE,FAILURE TO STOP AT RED LIGHT
5096958772,165TRX,CT,PAS,6/16/2017,7,4W,MERCU,FAILURE TO STOP AT RED LIGHT
5093703217,HFG4313,NY,PAS,9/30/2016,7,4DSD,MITSU,FAILURE TO STOP AT RED LIGHT
5094670736,AXU4790,NY,PAS,12/11/2016,7,4DSD,NISSA,FAILURE TO STOP AT RED LIGHT
5094094166,CZM4111,NY,PAS,10/28/2016,7,4DSD,TOYOT,FAILURE TO STOP AT RED LIGHT
5096723768,EDN2797,NY,PAS,6/2/2017,7,4DSD,TOYOT,FAILURE TO STOP AT RED LIGHT
5093209120,FZT5005,NY,PAS,8/28/2016,7,4DSD,TOYOT,FAILURE TO STOP AT RED LIGHT
5092469481,GZH7067,NY,PAS,7/10/2016,7,SUBN,TOYOT,FAILURE TO STOP AT RED LIGHT
5092451658,GZH7067,NY,PAS,7/8/2016,7,SUBN,TOYOT,FAILURE TO STOP AT RED LIGHT
5095356545,GZM8254,NY,OMS,2/18/2017,7,SUBN,TOYOT,FAILURE TO STOP AT RED LIGHT
8410006650,D53AUUN,NJ,PAS,10/21/2016,9,4DSD,LEXUS,09-Blocking the Box
8534116519,CES6482,NY,PAS,6/12/2017,9,SUBN,TOYOT,09-Blocking the Box
8485674984,T713160C,NY,OMT,6/13/2017,9,SUBN,TOYOT,09-Blocking the Box
8556557405,59622JW,NY,COM,6/9/2017,10,VAN,FORD,10-No Stopping
8071038416,AM479F,NJ,PAS,7/7/2016,10,DELV,FRUEH,10-No Stopping
8483087236,76822MH,NY,COM,5/19/2017,10,DELV,HIN,10-No Stopping
8481125088,55179ME,NY,COM,4/10/2017,10,DELV,NS/OT,10-No Stopping
8506822300,55106MB,NY,COM,5/31/2017,10,VAN,WORKH,10-No Stopping
8482331425,86609MB,NY,COM,6/18/2017,13,VAN,CHEVR,13-No Stand (taxi stand)
8028246722,T703619C,NY,OMT,9/15/2016,13,SUBN,CHEVR,13-No Stand (taxi stand)
8378547530,FWZ8815,NY,PAS,1/11/2017,14,2DSD,ACURA,14-No Standing
8489750210,6DQT356,CA,PAS,11/28/2016,14,4DSD,AUDI,14-No Standing
1410726095,DEP4792,NC,PAS,7/15/2016,14,,BMW,
8421031235,GGA4266,NY,PAS,10/18/2016,14,4DSD,BMW,14-No Standing
7730553259,DLZ8901,NY,PAS,9/26/2016,14,SUBN,CHEVR,14-No Standing
8498520046,HKF6916,NY,PAS,4/27/2017,14,SUBN,CHEVR,14-No Standing
8537807813,HNF6718,NY,PAS,4/21/2017,14,SUBN,CHEVR,14-No Standing
8083571465,KCG9559,PA,PAS,12/22/2016,14,SUBN,CHEVR,14-No Standing
7536689184,ZCL5723,PA,PAS,1/26/2017,14,VAN,CHEVR,14-No Standing
8480505680,HCT2134,NY,PAS,1/18/2017,14,SUBN,CHRYS,14-No Standing
8481973580,28693MH,NY,COM,6/13/2017,14,VAN,DODGE,14-No Standing
8460500214,30408MC,NY,COM,8/4/2016,14,PICK,DODGE,14-No Standing
8482817036,50501JT,NY,COM,4/11/2017,14,VAN,DODGE,14-No Standing
8117027999,83317ME,NY,COM,9/27/2016,14,VAN,DODGE,14-No Standing
8488121532,FLX2674,NY,PAS,4/5/2017,14,2DSD,DODGE,14-No Standing
8543952980,FSZ8671,NY,PAS,4/21/2017,14,SUBN,DODGE,14-No Standing
8501806912,KGP1166,PA,PAS,6/4/2017,14,VAN,DODGE,14-No Standing
8107542976,11AH74,MA,PAS,1/29/2017,14,4DSD,FORD,14-No Standing
8564650320,29222MK,NY,COM,5/5/2017,14,VAN,FORD,14-No Standing
8010367576,30661MA,NY,COM,12/22/2016,14,VAN,FORD,14-No Standing
8505159536,41795JX,NY,COM,3/9/2017,14,VAN,FORD,14-No Standing
7813887440,44267JZ,NY,COM,8/12/2016,14,VAN,FORD,14-No Standing
8440509546,49317JX,NY,COM,10/29/2016,14,VAN,FORD,14-No Standing
1408575656,6XWZ969,CA,PAS,7/6/2016,14,SDN,FORD,
8516853275,72100MH,NY,COM,4/12/2017,14,VAN,FORD,14-No Standing
7059924103,91878MB,NY,COM,10/12/2016,14,VAN,FORD,14-No Standing
8170085561,ENM3708,NY,PAS,2/10/2017,14,SUBN,FORD,14-No Standing
8527511113,F70GEP,NJ,PAS,5/1/2017,14,SUBN,FORD,14-No Standing
8511453696,FSY6987,NY,PAS,3/13/2017,14,SUBN,FORD,14-No Standing
1413745933,HCC2829,NY,PAS,8/22/2016,14,VAN,FORD,
8484882226,S25DSK,NJ,PAS,6/8/2017,14,PICK,FORD,14-No Standing
8524054499,ZRK24R,NJ,PAS,3/18/2017,14,SUBN,FORD,14-No Standing
1423945281,2240653,IN,PAS,5/13/2017,14,,FRUEH,
8577650820,10632JU,NY,COM,6/20/2017,14,UTIL,FRUEH,14-No Standing
7056662882,83038ME,NY,COM,9/21/2016,14,VAN,FRUEH,14-No Standing
8324025510,83146ME,NY,COM,10/27/2016,14,VAN,FRUEH,14-No Standing
8286541110,85846MD,NY,COM,10/25/2016,14,VAN,FRUEH,14-No Standing
8270548250,91028MJ,NY,COM,12/13/2016,14,DELV,FRUEH,14-No Standing
8480520395,99886MC,NY,COM,6/19/2017,14,VAN,FRUEH,14-No Standing
8496410791,AP338E,NJ,PAS,5/17/2017,14,TRAC,FRUEH,14-No Standing
8530950458,HAY5880,NY,PAS,4/8/2017,14,SUBN,GMC,14-No Standing
8552003569,XJ275S,NJ,PAS,4/25/2017,14,PICK,GMC,14-No Standing
8536010903,25472MG,NY,COM,6/16/2017,14,REFG,HIN,14-No Standing
8508953549,XDLS80,NJ,PAS,2/1/2017,14,DELV,HIN,14-No Standing
7191990831,AA00234,CT,PAS,7/2/2016,14,SUBN,HONDA,14-No Standing
8519503676,FCX7311,NY,PAS,3/20/2017,14,SUBN,HONDA,14-No Standing
1418739704,GJK5307,NY,PAS,4/9/2017,14,SDN,HONDA,
7994359840,GNG1097,TX,PAS,7/15/2016,14,SUBN,HONDA,14-No Standing
1414856374,HLE9929,NY,PAS,4/13/2017,14,SUBN,HONDA,
8474909971,S938464,IA,PAS,1/9/2017,14,SUBN,HONDA,14-No Standing
1416903379,CRM6911,NY,PAS,12/16/2016,14,SDN,HYUND,
8340512559,CZB9676,NY,PAS,8/23/2016,14,2DSD,HYUND,14-No Standing
8497566683,17596JE,NY,COM,6/16/2017,14,DELV,INTER,14-No Standing
8517821075,32295MA,NY,COM,6/27/2017,14,DELV,INTER,14-No Standing
1418035762,62935JM,NY,COM,1/24/2017,14,DELV,INTER,
8482055392,92638JU,NY,COM,1/25/2017,14,VAN,INTER,14-No Standing
8506706490,AP166T,NJ,PAS,2/20/2017,14,DELV,INTER,14-No Standing
8473761297,33049MJ,NY,COM,2/1/2017,14,DELV,ISUZU,14-No Standing
8484877693,XBYG52,NJ,PAS,5/12/2017,14,VAN,ISUZU,14-No Standing
8152046917,VFW9441,VA,PAS,8/14/2016,14,SUBN,JEEP,14-No Standing
8503265503,23800TC,NY,TRC,3/28/2017,14,TRAC,KENWO,14-No Standing
8489721312,49734MA,NY,COM,4/4/2017,14,DELV,KENWO,14-No Standing
8464532088,HJR5750,NY,PAS,2/3/2017,14,SUBN,KIA,14-No Standing
8488825948,HAU1278,NY,PAS,3/31/2017,14,SUBN,LEXUS,14-No Standing
8559362496,HLW7798,NY,PAS,6/13/2017,14,4DSD,LEXUS,14-No Standing
8478353860,VUE95C,NJ,PAS,12/6/2016,14,4DSD,LEXUS,14-No Standing
8518911631,ZD53LE,NJ,PAS,5/17/2017,14,SUBN,LEXUS,14-No Standing
1416091415,75213MH,NY,COM,11/28/2016,14,VAN,ME/BE,
8482374059,F96FBF,NJ,PAS,4/23/2017,14,4DSD,ME/BE,14-No Standing
8544960947,HMX8950,NY,PAS,5/27/2017,14,4DSD,ME/BE,14-No Standing
1418609274,8P82H,NY,OMT,12/21/2016,14,TAXI,NISSA,
1417565895,HEB8184,NY,PAS,2/11/2017,14,SDN,NISSA,
8155550278,W56GSE,NJ,PAS,10/22/2016,14,4DSD,NISSA,14-No Standing
7433187960,2330830,ME,PAS,3/6/2017,14,TRLR,NS/OT,14-No Standing
7645052715,FRZ3573,NY,PAS,1/7/2017,14,SUBN,NS/OT,14-No Standing
7922559173,XCYU94,NJ,PAS,10/24/2016,14,VAN,NS/OT,14-No Standing
7767415582,XW915N,NJ,PAS,3/29/2017,14,DELV,NS/OT,14-No Standing
8524350581,HGR5953,NY,PAS,2/27/2017,14,4DSD,OLDSM,14-No Standing
7499844705,GGT7948,NY,PAS,8/22/2016,14,SUBN,SUBAR,14-No Standing
7150327266,HWE6388,PA,PAS,8/5/2016,14,SUBN,SUBAR,14-No Standing
8537603818,ASG8770,NY,PAS,3/26/2017,14,4DSD,TOYOT,14-No Standing
8210533952,GST8679,NY,PAS,11/21/2016,14,2DSD,TOYOT,14-No Standing
8555462198,HKT4222,NY,PAS,6/12/2017,14,SUBN,TOYOT,14-No Standing
1404838156,R57AAE,NJ,PAS,4/29/2017,14,SUBN,TOYOT,
8527806162,T659832C,NY,OMT,6/4/2017,14,4DSD,TOYOT,14-No Standing
8513520615,77026MG,NY,COM,5/31/2017,14,TRAC,VOLVO,14-No Standing
8251031485,HJP5565,NY,PAS,10/4/2016,16,4DSD,CHEVR,16A-No Std (Com Veh) Non-COM
7813745231,GEL1890,NY,PAS,9/19/2016,16,SUBN,CHRYS,16A-No Std (Com Veh) Non-COM
8444534183,36598MH,NY,COM,11/23/2016,16,VAN,DODGE,16-No Std (Com Veh) Com Plate
8061037749,HFG7121,NY,PAS,8/22/2016,16,SUBN,DODGE,16A-No Std (Com Veh) Non-COM
8250539527,24745ME,NY,COM,11/9/2016,16,VAN,FORD,16-No Std (Com Veh) Com Plate
8308520170,49033ME,NY,COM,7/14/2016,16,VAN,FORD,16-No Std (Com Veh) Com Plate
8504915323,57011ME,NY,COM,4/6/2017,16,SUBN,FORD,16-No Std (Com Veh) Com Plate
8339536023,XCEG93,NJ,PAS,9/15/2016,16,VAN,FORD,16-No Std (Com Veh) Com Plate
8566405183,GJD5585,NY,PAS,6/1/2017,16,4DSD,ME/BE,16A-No Std (Com Veh) Non-COM
7051225662,N61GZN,NJ,PAS,11/25/2016,16,SUBN,SATUR,16A-No Std (Com Veh) Non-COM
8149510126,GTP8988,NY,PAS,8/10/2016,16,2DSD,SMART,16A-No Std (Com Veh) Non-COM
7052028463,HGM9782,NY,PAS,1/30/2017,16,SUBN,TOYOT,16A-No Std (Com Veh) Non-COM
8474913706,T674455C,NY,OMT,2/8/2017,16,4DSD,TOYOT,16A-No Std (Com Veh) Non-COM
8506607206,18752MH,NY,COM,3/16/2017,17,VAN,CHEVR,17-No Stand (exc auth veh)
8438519763,89882JV,NY,COM,10/13/2016,17,VAN,GMC,17-No Stand (exc auth veh)
8551111954,GCE9214,NY,PAS,6/25/2017,17,4DSD,HONDA,17-No Stand (exc auth veh)
8516654059,AP169V,NJ,PAS,2/22/2017,18,DELV,INTER,18-No Stand (bus lane)
1368119141,BMLV150,ON,PAS,7/16/2016,19,SUBN,CHEVR,
8528274184,EKF9820,NY,PAS,5/1/2017,19,SUBN,CHEVR,19-No Stand (bus stop)
8522350073,83290MD,NY,COM,2/24/2017,19,SUBN,DODGE,19-No Stand (bus stop)
8070097437,T62GJP,NJ,PAS,9/18/2016,19,PICK,DODGE,19-No Stand (bus stop)
8509409523,35050JU,NY,COM,2/24/2017,19,PICK,FORD,19-No Stand (bus stop)
1413553552,41126BB,NY,OMT,7/28/2016,19,VAN,FORD,
8514220482,2588073,IN,PAS,5/29/2017,19,DELV,FRUEH,19-No Stand (bus stop)
8485652319,0480PRA,MN,PAS,1/26/2017,19,DELV,FRUEH,19-No Stand (bus stop)
7014671406,B0951V,FL,PAS,9/7/2016,19,DELV,FRUEH,19-No Stand (bus stop)
1422732710,GMK4592,NY,PAS,6/19/2017,19,SDN,HONDA,
7249114220,GPP7413,NY,PAS,10/8/2016,19,SUBN,HONDA,19-No Stand (bus stop)
7499990163,HKT3209,NY,PAS,12/13/2016,19,SUBN,HONDA,19-No Stand (bus stop)
8491667738,JPC4516,PA,PAS,3/1/2017,19,4DSD,INFIN,19-No Stand (bus stop)
8302046280,63444JM,NY,COM,1/26/2017,19,VAN,INTER,19-No Stand (bus stop)
8009901763,13657MD,NY,COM,9/27/2016,19,DELV,KENWO,19-No Stand (bus stop)
1424024420,HPD1970,NY,PAS,6/10/2017,19,SDN,KIA,
8511718990,50104MH,NY,COM,6/9/2017,19,VAN,ME/BE,19-No Stand (bus stop)
1415429522,17236MH,NY,COM,3/3/2017,19,SUBN,MITSU,
8476355312,47829MD,NY,COM,2/14/2017,19,DELV,PETER,19-No Stand (bus stop)
1406918726,5M39B,NY,OMT,7/13/2016,19,TAXI,TOYOT,
7241990262,DVA1919,NY,PAS,11/16/2016,19,SUBN,TOYOT,19-No Stand (bus stop)
8330511935,HBY7509,NY,PAS,7/30/2016,19,4DSD,TOYOT,19-No Stand (bus stop)
1423536058,HCS2336,NY,PAS,1/27/2017,19,SUBN,TOYOT,
8519016595,QU655,RI,PAS,6/12/2017,19,4DSD,TOYOT,19-No Stand (bus stop)
8530522310,T640396C,NY,OMT,5/27/2017,19,4DSD,TOYOT,19-No Stand (bus stop)
1413358512,54295PC,NY,APP,8/9/2016,19,BUS,,
8269048434,CDPE57,FL,PAS,8/21/2016,20,4DSD,ACURA,20A-No Parking (Non-COM)
7036998684,VML8110,VA,PAS,2/21/2017,20,4DSD,BMW,20A-No Parking (Non-COM)
8515215408,HFB1731,NY,PAS,4/14/2017,20,SUBN,CADIL,20A-No Parking (Non-COM)
8470607042,MYSUMMER,NY,OMT,7/27/2016,20,SUBN,CADIL,20A-No Parking (Non-COM)
1371960501,FEP2455,NY,PAS,7/18/2016,20,SUBN,CHEVR,
8550963045,GSU8031,NY,PAS,6/20/2017,20,4DSD,CHEVR,20A-No Parking (Non-COM)
8358531096,FGN4109,NY,PAS,11/14/2016,20,SUBN,CHRYS,20A-No Parking (Non-COM)
7623299300,530LAW,FL,PAS,7/23/2016,20,SUBN,CITRO,20A-No Parking (Non-COM)
1416638830,GLP367,NY,PAS,4/30/2017,20,SUBN,DODGE,
7441946736,GMT8049,NY,PAS,2/27/2017,20,4DSD,DODGE,20A-No Parking (Non-COM)
8522913341,KHB4412,PA,PAS,4/17/2017,20,4DSD,DODGE,20A-No Parking (Non-COM)
8421057479,64921JT,NY,COM,1/27/2017,20,VAN,FORD,20-No Parking (Com Plate)
8533873610,HBZ9785,NY,PAS,5/16/2017,20,2DSD,FORD,20A-No Parking (Non-COM)
8388024498,HGF2284,NY,PAS,11/14/2016,20,SUBN,FORD,20A-No Parking (Non-COM)
8086541423,K78FFL,NJ,PAS,9/7/2016,20,SUBN,FORD,20A-No Parking (Non-COM)
8521664060,XW347T,NJ,PAS,6/9/2017,20,VAN,FORD,20-No Parking (Com Plate)
7541979089,GPW5892,NY,PAS,1/16/2017,20,SUBN,GMC,20A-No Parking (Non-COM)
7487986524,AVS4503,NY,PAS,9/16/2016,20,PICK,HONDA,20A-No Parking (Non-COM)
8141015345,FRJ7858,NY,PAS,7/22/2016,20,SUBN,HONDA,20A-No Parking (Non-COM)
8543009080,GJA1784,NY,PAS,6/2/2017,20,SUBN,HONDA,20A-No Parking (Non-COM)
8275023932,GRR5700,NY,PAS,9/16/2016,20,2DSD,HONDA,20A-No Parking (Non-COM)
8193526089,GTE5903,NY,PAS,8/8/2016,20,4DSD,HONDA,20A-No Parking (Non-COM)
7809488399,HBE5264,NY,PAS,10/3/2016,20,4DSD,HONDA,20A-No Parking (Non-COM)
8241524547,T715157C,NY,OMT,1/19/2017,20,SUBN,HONDA,20A-No Parking (Non-COM)
7578395609,W81CNF,NJ,PAS,10/24/2016,20,SUBN,HONDA,20A-No Parking (Non-COM)
8018756946,7HG44,AL,PAS,8/29/2016,20,4DSD,HYUND,20A-No Parking (Non-COM)
7043255211,HJC9828,NY,PAS,3/10/2017,20,4DSD,HYUND,20A-No Parking (Non-COM)
8034434620,GYH6407,NY,PAS,8/19/2016,20,4DSD,INFIN,20A-No Parking (Non-COM)
7587314647,100VM,NY,SRF,12/7/2016,20,SUBN,JEEP,20A-No Parking (Non-COM)
8536008374,FAD5808,NY,PAS,5/17/2017,20,SUBN,JEEP,20A-No Parking (Non-COM)
8516810744,97304JB,NY,COM,5/11/2017,20,SUBN,KIA,20-No Parking (Com Plate)
8074505194,GFL3297,NY,PAS,10/21/2016,20,SUBN,ME/BE,20A-No Parking (Non-COM)
8300067954,HBX2351,NY,PAS,12/7/2016,20,SUBN,ME/BE,20A-No Parking (Non-COM)
8508050940,HJP4843,NY,PAS,1/17/2017,20,SUBN,ME/BE,20A-No Parking (Non-COM)
8023492410,DYB1485,NY,PAS,10/4/2016,20,4DSD,NISSA,20A-No Parking (Non-COM)
7411972721,EWL8888,NY,PAS,12/1/2016,20,SUBN,NISSA,20A-No Parking (Non-COM)
7495741065,HFD1339,NY,PAS,7/22/2016,20,SUBN,NISSA,20A-No Parking (Non-COM)
8536155176,HNU1266,NY,PAS,3/24/2017,20,4DSD,NISSA,20A-No Parking (Non-COM)
8561455706,JEHIEL,NY,SRF,5/31/2017,20,2DSD,NISSA,20A-No Parking (Non-COM)
8546500216,DWKN70,FL,PAS,4/7/2017,20,SUBN,ROVER,20A-No Parking (Non-COM)
8465012489,HFK6846,NY,PAS,11/25/2016,20,4DSD,SUBAR,20A-No Parking (Non-COM)
7768685120,FJA9910,NY,PAS,10/17/2016,20,SUBN,TOYOT,20A-No Parking (Non-COM)
8558202229,FRY1035,NY,PAS,4/29/2017,20,4DSD,TOYOT,20A-No Parking (Non-COM)
8564165960,FXK5768,NY,PAS,6/24/2017,20,4DSD,TOYOT,20A-No Parking (Non-COM)
8147540644,GXB8128,NY,PAS,9/1/2016,20,4DSD,TOYOT,20A-No Parking (Non-COM)
7606849481,T638216C,NY,OMT,5/8/2017,20,4DSD,TOYOT,20A-No Parking (Non-COM)
8293037179,GJU4869,NY,PAS,8/26/2016,21,4DSD,ACURA,21-No Parking (street clean)
8009559234,HBU6907,NY,PAS,8/10/2016,21,4DSD,ACURA,21-No Parking (street clean)
8545156546,EVM6598,NY,PAS,5/3/2017,21,4DSD,AUDI,21-No Parking (street clean)
8516050920,GXY1094,NY,PAS,3/3/2017,21,SUBN,AUDI,21-No Parking (street clean)
8544889610,VVP9002,VA,PAS,6/14/2017,21,4DSD,AUDI,21-No Parking (street clean)
8318510150,99H1010,TN,PAS,8/2/2016,21,2DSD,BMW,21-No Parking (street clean)
8491819083,FHY6755,NY,PAS,3/3/2017,21,4DSD,BMW,21-No Parking (street clean)
7725863710,GNF2877,NY,PAS,9/26/2016,21,4DSD,BMW,21-No Parking (street clean)
1412956201,GNR5598,NY,PAS,7/20/2016,21,SDN,BMW,
7919376452,HAS5112,NY,PAS,1/27/2017,21,SUBN,BMW,21-No Parking (street clean)
7970393330,HAT6686,NY,PAS,8/17/2016,21,4DSD,BMW,21-No Parking (street clean)
8537965042,HFP5029,NY,PAS,5/16/2017,21,4DSD,BMW,21-No Parking (street clean)
8581153938,X89HVW,NJ,PAS,6/14/2017,21,4DSD,BMW,21-No Parking (street clean)
8236569895,EPY9505,NY,PAS,3/22/2017,21,4DSD,BUICK,21-No Parking (street clean)
8502707383,JGL6885,PA,PAS,1/24/2017,21,SUBN,BUICK,21-No Parking (street clean)
8511711946,42283JZ,NY,COM,4/27/2017,21,VAN,CHEVR,21-No Parking (street clean)
1418142980,483TFM,TN,PAS,12/19/2016,21,VAN,CHEVR,
1420029915,53468JZ,99,COM,4/27/2017,21,VAN,CHEVR,
8539666996,85121ME,NY,COM,5/22/2017,21,VAN,CHEVR,21-No Parking (street clean)
1413709760,DGN6881,NY,PAS,9/2/2016,21,SDN,CHEVR,
8473311693,DTG6286,NY,PAS,11/23/2016,21,SUBN,CHEVR,21-No Parking (street clean)
7658191050,GEL4496,NY,PAS,7/22/2016,21,SUBN,CHEVR,21-No Parking (street clean)
8478626049,GRU5176,NY,PAS,5/15/2017,21,4DSD,CHEVR,21-No Parking (street clean)
7369979570,GTC5499,NY,PAS,7/20/2016,21,4DSD,CHEVR,21-No Parking (street clean)
1400876217,GVB9839,NY,PAS,9/19/2016,21,P-U,CHEVR,
1422284335,HHJ5747,NY,PAS,6/3/2017,21,SUBN,CHEVR,
8556051480,M322307,NJ,PAS,4/26/2017,21,PICK,CHEVR,21-No Parking (street clean)
8514570973,T738567C,NY,OMT,6/21/2017,21,SUBN,CHEVR,21-No Parking (street clean)
8357020770,Y56DLT,NJ,PAS,1/20/2017,21,4DSD,CHEVR,21-No Parking (street clean)
8523602306,GUG9349,NY,PAS,3/25/2017,21,4DSD,CHRYS,21-No Parking (street clean)
1410697290,HZ214,RI,PAS,7/15/2016,21,SUBN,CHRYS,
8485267631,80381MD,NY,COM,3/2/2017,21,VAN,DODGE,21-No Parking (street clean)
7808365737,ETN7313,NY,PAS,3/22/2017,21,4DSD,DODGE,21-No Parking (street clean)
8236558708,FLC9623,NY,PAS,1/23/2017,21,SUBN,DODGE,21-No Parking (street clean)
8567100082,FTY1182,NY,PAS,5/3/2017,21,4DSD,DODGE,21-No Parking (street clean)
8516402034,88040MH,NY,COM,5/26/2017,21,DELV,FORD,21-No Parking (street clean)
8237524573,CMD1897,NY,PAS,10/19/2016,21,4DSD,FORD,21-No Parking (street clean)
8490203982,DBZ7195,NY,PAS,12/13/2016,21,4DSD,FORD,21-No Parking (street clean)
8140540663,EHA1740,NY,PAS,10/27/2016,21,SUBN,FORD,21-No Parking (street clean)
8539702370,FYW7060,NY,PAS,3/23/2017,21,SUBN,FORD,21-No Parking (street clean)
8151587635,GFC5314,NY,PAS,11/22/2016,21,SUBN,FORD,21-No Parking (street clean)
8536979239,GKP5732,NY,PAS,4/28/2017,21,SUBN,FORD,21-No Parking (street clean)
8277588720,GYT3978,NY,PAS,11/10/2016,21,2DSD,FORD,21-No Parking (street clean)
8330514596,HDK4072,NY,PAS,8/23/2016,21,SUBN,FORD,21-No Parking (street clean)
8043823078,HHF5026,NY,PAS,9/6/2016,21,SUBN,FORD,21-No Parking (street clean)
8173039823,JLN1340,PA,PAS,11/16/2016,21,SUBN,FORD,21-No Parking (street clean)
8521903650,XAGW46,NJ,PAS,3/27/2017,21,VAN,FORD,21-No Parking (street clean)
1420031892,43601MG,NY,COM,5/1/2017,21,VAN,FRUEH,
8431017041,76130JH,NY,COM,9/16/2016,21,DELV,FRUEH,21-No Parking (street clean)
8104561698,GAV2010,NY,PAS,3/7/2017,21,4DSD,GEO,21-No Parking (street clean)
1421330088,12040MJ,NY,COM,6/20/2017,21,SUBN,GMC,
8463512264,20410AD,NY,COM,10/28/2016,21,VAN,GMC,21-No Parking (street clean)
8059052214,36733JX,NY,COM,11/14/2016,21,VAN,GMC,21-No Parking (street clean)
1417865507,77993JV,NY,COM,2/6/2017,21,VAN,GMC,
7005104110,GYG7508,NY,PAS,9/1/2016,21,SUBN,GMC,21-No Parking (street clean)
8077581614,XAYF77,NJ,PAS,2/27/2017,21,DELV,GMC,21-No Parking (street clean)
8536832563,1441,WY,PAS,6/6/2017,21,4DSD,HONDA,21-No Parking (street clean)
8292013593,601473,NY,PAS,11/9/2016,21,4DSD,HONDA,21-No Parking (street clean)
8327066730,38BR360,AL,PAS,2/23/2017,21,2DSD,HONDA,21-No Parking (street clean)
8432517677,71WC47,MA,PAS,11/14/2016,21,SUBN,HONDA,21-No Parking (street clean)
8511906897,CVG8394,NY,PAS,3/21/2017,21,SUBN,HONDA,21-No Parking (street clean)
8523487694,D03SU,FL,PAS,6/12/2017,21,SUBN,HONDA,21-No Parking (street clean)
7803577878,DRU6182,NY,PAS,7/19/2016,21,SUBN,HONDA,21-No Parking (street clean)
8551867635,EJY9809,NY,PAS,6/15/2017,21,SUBN,HONDA,21-No Parking (street clean)
8177030073,FPN6798,NY,PAS,7/22/2016,21,SUBN,HONDA,21-No Parking (street clean)
7522710777,FTJ4934,NY,PAS,8/2/2016,21,4DSD,HONDA,21-No Parking (street clean)
1415914771,FWY7687,NY,PAS,11/5/2016,21,SUBN,HONDA,
8511777581,GBP8071,NY,PAS,6/23/2017,21,4DSD,HONDA,21-No Parking (street clean)
8507224441,GHR1050,NY,PAS,6/12/2017,21,SUBN,HONDA,21-No Parking (street clean)
1418138575,GML6346,NY,PAS,12/19/2016,21,SDN,HONDA,
8494361650,GPR1060,NY,PAS,1/19/2017,21,4DSD,HONDA,21-No Parking (street clean)
8532805115,GRH7130,NY,PAS,3/30/2017,21,SUBN,HONDA,21-No Parking (street clean)
1420074817,GYX5626,NY,PAS,3/23/2017,21,SUBN,HONDA,
8081038309,HGU5174,NY,PAS,7/13/2016,21,4DSD,HONDA,21-No Parking (street clean)
8539658732,HLY9761,NY,PAS,4/20/2017,21,SUBN,HONDA,21-No Parking (street clean)
8254043190,HMF6591,NY,PAS,12/14/2016,21,4DSD,HONDA,21-No Parking (street clean)
1415902598,HPP349,DE,PAS,10/8/2016,21,SDN,HONDA,
8035447610,JRV7796,PA,PAS,8/25/2016,21,4DSD,HONDA,21-No Parking (street clean)
1416152180,KGM0645,PA,PAS,11/3/2016,21,,HONDA,
8270065079,L727629,NJ,PAS,8/31/2016,21,SUBN,HONDA,21-No Parking (street clean)
1412424525,T6835420,NY,OMT,7/27/2016,21,SDN,HONDA,
8054568940,C52DUH,NJ,PAS,11/14/2016,21,4DSD,HYUND,21-No Parking (street clean)
7381087881,ETP1967,NY,PAS,8/4/2016,21,4DSD,HYUND,21-No Parking (street clean)
7813942917,GZD3951,NY,PAS,8/4/2016,21,4DSD,HYUND,21-No Parking (street clean)
8522906415,HME3832,NY,PAS,3/21/2017,21,4DSD,HYUND,21-No Parking (street clean)
8303022775,AS972S,NJ,PAS,7/19/2016,21,DELV,INTER,21-No Parking (street clean)
8556262995,HPL5772,NY,PAS,6/12/2017,21,4DSD,JAGUA,21-No Parking (street clean)
8533998533,GXR4859,NY,PAS,6/12/2017,21,SUBN,JEEP,21-No Parking (street clean)
7807869367,HEE4014,NY,PAS,11/22/2016,21,SUBN,JEEP,21-No Parking (street clean)
8170554482,GKB1444,NY,PAS,8/31/2016,21,SUBN,LEXUS,21-No Parking (street clean)
8475485066,GYR5020,NY,PAS,3/23/2017,21,SUBN,LEXUS,21-No Parking (street clean)
1415885734,GNN27768,NY,PAS,9/30/2016,21,SUBN,LINCO,
8271048004,PDB2482,NC,PAS,8/30/2016,21,SUBN,LINCO,21-No Parking (street clean)
8487768659,T639150C,NY,OMT,2/3/2017,21,SUBN,LINCO,21-No Parking (street clean)
8196531606,735ZVY,CT,PAS,10/11/2016,21,4DSD,MAZDA,21-No Parking (street clean)
8556351920,FCN6061,NY,PAS,4/28/2017,21,SUBN,MAZDA,21-No Parking (street clean)
8563702300,GUY5928,NY,PAS,5/18/2017,21,4DSD,MAZDA,21-No Parking (street clean)
8475466254,HWN1816,TX,PAS,12/27/2016,21,4DSD,MAZDA,21-No Parking (street clean)
8349510500,84302T,VA,PAS,7/8/2016,21,SUBN,ME/BE,21-No Parking (street clean)
8327051209,ATE9889,NY,PAS,12/20/2016,21,4DSD,ME/BE,21-No Parking (street clean)
7803990927,HCN1049,NY,PAS,3/28/2017,21,SUBN,ME/BE,21-No Parking (street clean)
8514726985,HKB2413,NY,PAS,5/22/2017,21,4DSD,ME/BE,21-No Parking (street clean)
8360507120,OL4468J,NJ,PAS,7/26/2016,21,4DSD,ME/BE,21-No Parking (street clean)
1419707358,V97GVE,NJ,PAS,2/18/2017,21,SUBN,ME/BE,
8557255329,HFE4369,NY,PAS,5/11/2017,21,SUBN,MERCU,21-No Parking (street clean)
8512671312,8892CZ,CT,CMB,6/6/2017,21,SUBN,NISSA,21-No Parking (street clean)
7081940572,ATS3775,NY,PAS,1/4/2017,21,4DSD,NISSA,21-No Parking (street clean)
8472183579,BNZF31,FL,PAS,12/3/2016,21,4DSD,NISSA,21-No Parking (street clean)
8190539723,DKT8358,NY,PAS,9/8/2016,21,2DSD,NISSA,21-No Parking (street clean)
1416492320,FGR5997,NY,PAS,9/30/2016,21,SDN,NISSA,
8549705664,FYW4686,NY,PAS,6/3/2017,21,4DSD,NISSA,21-No Parking (street clean)
1420512468,GJH8815,NY,PAS,4/8/2017,21,SUBN,NISSA,
8551204051,GNN9248,NY,PAS,5/4/2017,21,SUBN,NISSA,21-No Parking (street clean)
8344027755,GUP8589,NY,PAS,12/7/2016,21,SUBN,NISSA,21-No Parking (street clean)
8539277086,GVH4035,PA,PAS,5/26/2017,21,4DSD,NISSA,21-No Parking (street clean)
1417861800,GYM6658,NY,PAS,3/7/2017,21,SDN,NISSA,
7081508339,HCF7990,NY,PAS,1/30/2017,21,SUBN,NISSA,21-No Parking (street clean)
8533396259,HCL5539,NY,PAS,5/26/2017,21,SUBN,NISSA,21-No Parking (street clean)
8552758799,HDB8092,NY,PAS,5/18/2017,21,SUBN,NISSA,21-No Parking (street clean)
8172060956,HJY5787,NY,PAS,3/24/2017,21,SUBN,NISSA,21-No Parking (street clean)
8534828313,HSC8642,NY,PAS,6/16/2017,21,4DSD,NISSA,21-No Parking (street clean)
7803991737,FSJ1102,NY,PAS,3/29/2017,21,SUBN,PORSC,21-No Parking (street clean)
8532875324,HKM6966,NY,OMS,6/13/2017,21,2DSD,SMART,21-No Parking (street clean)
7803916818,2405692,PA,PAS,9/30/2016,21,SUBN,SUBAR,21-No Parking (street clean)
8534565030,EEH3996,NY,PAS,6/22/2017,21,SUBN,SUBAR,21-No Parking (street clean)
8345516518,EUX8678,NY,PAS,9/27/2016,21,4DSD,SUBAR,21-No Parking (street clean)
8198510771,FWP9546,NY,PAS,8/30/2016,21,SUBN,SUBAR,21-No Parking (street clean)
8561603562,GUM5490,NY,PAS,6/8/2017,21,SUBN,SUBAR,21-No Parking (street clean)
8260034475,HNR3840,NY,999,1/23/2017,21,4DSD,SUBAR,21-No Parking (street clean)
8489005175,450SEY,CT,PAS,12/29/2016,21,SUBN,TOYOT,21-No Parking (street clean)
8327056311,809RGE,FL,PAS,1/11/2017,21,SUBN,TOYOT,21-No Parking (street clean)
8035390004,853NG3,MA,PAS,9/29/2016,21,4DSD,TOYOT,21-No Parking (street clean)
8473630373,923156N,NJ,PAS,3/21/2017,21,SUBN,TOYOT,21-No Parking (street clean)
7431960360,ECL2156,NY,PAS,7/19/2016,21,SUBN,TOYOT,21-No Parking (street clean)
1411163175,EFY2042,NY,PAS,7/14/2016,21,SUBN,TOYOT,
8293532713,EGE9369,NY,PAS,7/29/2016,21,SUBN,TOYOT,21-No Parking (street clean)
8554703479,EPD3783,NY,PAS,5/4/2017,21,4DSD,TOYOT,21-No Parking (street clean)
8444566147,FJB1476,NY,PAS,2/22/2017,21,4DSD,TOYOT,21-No Parking (street clean)
1412635536,GLS6347,NY,PAS,12/12/2016,21,SUBN,TOYOT,
8526761936,GMZ4346,NY,PAS,5/2/2017,21,SUBN,TOYOT,21-No Parking (street clean)
7061109026,GWE6421,NY,PAS,11/4/2016,21,SUBN,TOYOT,21-No Parking (street clean)
1416140300,GYJ7561,NY,PAS,11/2/2016,21,SDN,TOYOT,
8470029381,HAL3075,NY,PAS,2/17/2017,21,2DSD,TOYOT,21-No Parking (street clean)
8554053527,HBX2262,NY,PAS,5/5/2017,21,4DSD,TOYOT,21-No Parking (street clean)
8213559599,HDF4570,NY,PAS,12/19/2016,21,SUBN,TOYOT,21-No Parking (street clean)
8151563965,HFD4826,NY,PAS,9/9/2016,21,4DSD,TOYOT,21-No Parking (street clean)
8127027108,HFE5815,NY,PAS,7/11/2016,21,4DSD,TOYOT,21-No Parking (street clean)
8491309627,HFF9841,NY,PAS,3/2/2017,21,4DSD,TOYOT,21-No Parking (street clean)
8533111010,HGL1239,NY,PAS,4/20/2017,21,PICK,TOYOT,21-No Parking (street clean)
7047095822,HLD7424,NY,PAS,4/7/2017,21,4DSD,TOYOT,21-No Parking (street clean)
8554957313,HRH9120,NY,PAS,5/22/2017,21,4DSD,TOYOT,21-No Parking (street clean)
8268595711,T426737C,NY,OMT,8/18/2016,21,4DSD,TOYOT,21-No Parking (street clean)
8375011915,T631317C,NY,OMT,9/26/2016,21,SUBN,TOYOT,21-No Parking (street clean)
8475107199,T665101C,NY,OMT,1/25/2017,21,4DSD,TOYOT,21-No Parking (street clean)
8532821650,T696481C,NY,OMT,6/20/2017,21,4DSD,TOYOT,21-No Parking (street clean)
1399238401,WLDB0SS,GA,PAS,12/30/2016,21,P-U,TOYOT,
8538515603,731762B,TX,PAS,5/15/2017,21,4DSD,VOLKS,21-No Parking (street clean)
8513583789,FLJ3099,NY,PAS,6/22/2017,21,2DSD,VOLKS,21-No Parking (street clean)
8273071844,GFM6245,NY,PAS,10/20/2016,21,4DSD,VOLKS,21-No Parking (street clean)
8532602563,CVU3012,NY,PAS,3/23/2017,21,4DSD,VOLVO,21-No Parking (street clean)
8478353227,34SW77,NY,MOT,12/2/2016,21,MCY,YAMAH,21-No Parking (street clean)
1418425369,JYW5248,PA,PAS,3/21/2017,21,SDN,,
8361518277,HCX7823,NY,PAS,10/12/2016,23,4DSD,HYUND,23-No Parking (taxi stand)
8154034347,CTX3627,NY,PAS,9/6/2016,24,SUBN,AUDI,24-No Parking (exc auth veh)
7764794314,HFP4684,NY,PAS,8/5/2016,24,4DSD,AUDI,24-No Parking (exc auth veh)
8544611310,GTC4836,NY,PAS,6/7/2017,24,SUBN,CADIL,24-No Parking (exc auth veh)
8566704320,L62FLC,NJ,PAS,5/17/2017,24,SUBN,CHEVR,24-No Parking (exc auth veh)
8536961156,X92FSM,NJ,PAS,3/28/2017,24,SUBN,HYUND,24-No Parking (exc auth veh)
1408122029,DSN6323,NY,PAS,7/4/2016,24,SUBN,JEEP,
8266568753,F12GRE,NJ,PAS,11/11/2016,24,SUBN,JEEP,24-No Parking (exc auth veh)
8446524806,GYG8911,NY,PAS,12/18/2016,24,SUBN,JEEP,24-No Parking (exc auth veh)
8316519355,HDJ7785,PA,PAS,7/14/2016,24,2DSD,NISSA,24-No Parking (exc auth veh)
8533035640,T687600C,NY,OMT,5/31/2017,24,4DSD,NISSA,24-No Parking (exc auth veh)
8526732663,ASV2478,NY,PAS,6/22/2017,24,4DSD,TOYOT,24-No Parking (exc auth veh)
1410027223,ENS9253,NY,PAS,10/31/2016,24,SDN,VOLKS,
8479824712,58910MG,NY,COM,4/21/2017,26,DELV,ISUZU,26-No Stnd (for-hire veh only)
1416527722,AHG9422,NY,PAS,1/5/2017,27,SUBN,TOYOT,
8512270482,Y26CRJ,NJ,PAS,6/3/2017,31,SUBN,BSA,31-No Stand (Com. Mtr. Zone)
8498706890,THANEDAR,NY,OMT,3/22/2017,31,SUBN,CADIL,31-No Stand (Com. Mtr. Zone)
8328546632,HHP7446,NY,PAS,12/2/2016,31,2DSD,CHEVR,31-No Stand (Com. Mtr. Zone)
8496254203,GMW3411,NY,PAS,5/26/2017,31,PICK,DODGE,31-No Stand (Com. Mtr. Zone)
8552002887,GTP5204,NY,PAS,4/24/2017,31,PICK,DODGE,31-No Stand (Com. Mtr. Zone)
8480300255,GHG9797,NY,PAS,11/18/2016,31,4DSD,HYUND,31-No Stand (Com. Mtr. Zone)
8442517080,KCD4692,PA,PAS,10/6/2016,31,4DSD,INFIN,31-No Stand (Com. Mtr. Zone)
8482450256,GGN8817,NY,PAS,11/18/2016,31,4DSD,LEXUS,31-No Stand (Com. Mtr. Zone)
8480624486,987536N,NJ,PAS,6/19/2017,31,SUBN,ME/BE,31-No Stand (Com. Mtr. Zone)
7059132030,HLC5085,NY,PAS,2/6/2017,31,4DSD,NISSA,31-No Stand (Com. Mtr. Zone)
8482371824,Z317820,IL,PAS,4/14/2017,31,SUBN,NISSA,31-No Stand (Com. Mtr. Zone)
8477906040,DUMBO,NY,SRF,3/8/2017,31,SUBN,ROVER,31-No Stand (Com. Mtr. Zone)
8431004010,GRZ1934,NY,PAS,7/27/2016,31,SUBN,VOLVO,31-No Stand (Com. Mtr. Zone)
8480331896,42648MG,NY,COM,5/23/2017,35,VAN,NS/OT,35-Selling/Offer Merchandise
4631704810,HCR7297,NY,PAS,3/15/2017,36,4DSD,AUDI,PHTO SCHOOL ZN SPEED VIOLATION
4629001955,268DDD,NY,SPO,12/23/2016,36,CONV,BMW,PHTO SCHOOL ZN SPEED VIOLATION
4628525523,326SF9,MA,PAS,12/21/2016,36,UT,BMW,PHTO SCHOOL ZN SPEED VIOLATION
4634734539,692RNK,FL,PAS,6/5/2017,36,UT,BMW,PHTO SCHOOL ZN SPEED VIOLATION
4631147647,DRX5800,NY,PAS,3/1/2017,36,SUBN,BMW,PHTO SCHOOL ZN SPEED VIOLATION
4625481946,GKW8725,NY,PAS,10/20/2016,36,4DSD,BMW,PHTO SCHOOL ZN SPEED VIOLATION
4629806404,GSY2361,NY,PAS,1/23/2017,36,4DSD,BMW,PHTO SCHOOL ZN SPEED VIOLATION
4627790053,HDW5569,NY,PAS,12/6/2016,36,SUBN,BMW,PHTO SCHOOL ZN SPEED VIOLATION
4627653700,HEG7444,NY,PAS,12/1/2016,36,4DSD,BMW,PHTO SCHOOL ZN SPEED VIOLATION
4630524241,HJBP29,FL,PAS,2/3/2017,36,4D,BMW,PHTO SCHOOL ZN SPEED VIOLATION
4630856500,KBN2190,PA,PAS,2/15/2017,36,SDN,BMW,PHTO SCHOOL ZN SPEED VIOLATION
4630528027,A19DVD,NJ,PAS,2/3/2017,36,4 DR,BUICK,PHTO SCHOOL ZN SPEED VIOLATION
4627862647,DGJ9751,NY,PAS,12/9/2016,36,4DSD,CADIL,PHTO SCHOOL ZN SPEED VIOLATION
4633961743,13237JW,NY,COM,5/16/2017,36,VAN,CHEVR,PHTO SCHOOL ZN SPEED VIOLATION
4626993928,13251TW,NY,TOW,11/17/2016,36,PICK,CHEVR,PHTO SCHOOL ZN SPEED VIOLATION
4631696527,EVN1748,NY,PAS,3/13/2017,36,SUBN,CHEVR,PHTO SCHOOL ZN SPEED VIOLATION
4624293630,FZH6298,NY,PAS,9/28/2016,36,SUBN,CHEVR,PHTO SCHOOL ZN SPEED VIOLATION
4624017663,GFM1718,NY,PAS,9/26/2016,36,SUBN,CHEVR,PHTO SCHOOL ZN SPEED VIOLATION
4622257713,GUG8491,NY,PAS,7/14/2016,36,SUBN,CHEVR,PHTO SCHOOL ZN SPEED VIOLATION
4623548065,GWE6116,NY,PAS,9/19/2016,36,SUBN,CHEVR,PHTO SCHOOL ZN SPEED VIOLATION
4635118952,HAR2738,NY,PAS,6/15/2017,36,SUBN,CHEVR,PHTO SCHOOL ZN SPEED VIOLATION
4627826096,HFF4505,NY,PAS,12/5/2016,36,SUBN,CHEVR,PHTO SCHOOL ZN SPEED VIOLATION
4632259779,HKW1987,NY,PAS,3/29/2017,36,4DSD,CHEVR,PHTO SCHOOL ZN SPEED VIOLATION
4632633800,HPJ4663,NY,PAS,4/7/2017,36,4DSD,CHEVR,PHTO SCHOOL ZN SPEED VIOLATION
4623011161,KBY7419,PA,PAS,9/8/2016,36,SW,CHEVR,PHTO SCHOOL ZN SPEED VIOLATION
4624905880,FAM2543,NY,PAS,10/11/2016,36,4DSD,CHRYS,PHTO SCHOOL ZN SPEED VIOLATION
4629224075,28874LV,NY,OML,1/6/2017,36,SUBN,DODGE,PHTO SCHOOL ZN SPEED VIOLATION
4630489587,A58ETJ,NJ,PAS,2/2/2017,36,WAGO,DODGE,PHTO SCHOOL ZN SPEED VIOLATION
4633374618,GSS9862,NY,PAS,5/3/2017,36,SUBN,DODGE,PHTO SCHOOL ZN SPEED VIOLATION
4627113330,HCA5464,NY,OMS,11/21/2016,36,SUBN,DODGE,PHTO SCHOOL ZN SPEED VIOLATION
4634831272,HFM4841,NY,PAS,6/7/2017,36,SUBN,DODGE,PHTO SCHOOL ZN SPEED VIOLATION
4628721567,HJH4995,NY,PAS,12/22/2016,36,SUBN,DODGE,PHTO SCHOOL ZN SPEED VIOLATION
4625958660,R16GNM,NJ,PAS,10/27/2016,36,WAGO,DODGE,PHTO SCHOOL ZN SPEED VIOLATION
4625752279,55801JJ,NY,COM,10/25/2016,36,VAN,FORD,PHTO SCHOOL ZN SPEED VIOLATION
4628610046,59654MG,NY,COM,12/21/2016,36,VAN,FORD,PHTO SCHOOL ZN SPEED VIOLATION
4634723785,68667MH,NY,COM,6/5/2017,36,VAN,FORD,PHTO SCHOOL ZN SPEED VIOLATION
4628303630,BHV3783,NY,PAS,12/12/2016,36,SUBN,FORD,PHTO SCHOOL ZN SPEED VIOLATION
4625462150,GPV4492,NY,PAS,10/19/2016,36,SUBN,FORD,PHTO SCHOOL ZN SPEED VIOLATION
4630933890,HFA3346,NY,PAS,2/17/2017,36,SUBN,FORD,PHTO SCHOOL ZN SPEED VIOLATION
4633425286,HNF4110,NY,PAS,5/1/2017,36,SUBN,FORD,PHTO SCHOOL ZN SPEED VIOLATION
4634067419,HPU4930,NY,PAS,5/18/2017,36,SUBN,FORD,PHTO SCHOOL ZN SPEED VIOLATION
4625926610,N102911C,NY,OMT,10/27/2016,36,VAN,FORD,PHTO SCHOOL ZN SPEED VIOLATION
4623721759,N203606C,NY,OMT,9/20/2016,36,SUBN,FORD,PHTO SCHOOL ZN SPEED VIOLATION
4624353316,XW317E,NJ,PAS,9/28/2016,36,VAN,FORD,PHTO SCHOOL ZN SPEED VIOLATION
4622234488,XX120W,NJ,PAS,7/13/2016,36,VAN,FORD,PHTO SCHOOL ZN SPEED VIOLATION
4634616695,ZGG2970,PA,PAS,5/31/2017,36,TK,FORD,PHTO SCHOOL ZN SPEED VIOLATION
4624649230,44214ME,NY,COM,10/6/2016,36,VAN,GMC,PHTO SCHOOL ZN SPEED VIOLATION
4627864050,AVW6443,NY,PAS,12/9/2016,36,PICK,GMC,PHTO SCHOOL ZN SPEED VIOLATION
4629510874,EEC9257,NY,PAS,1/13/2017,36,SUBN,GMC,PHTO SCHOOL ZN SPEED VIOLATION
4626307681,HJG3097,NY,PAS,11/2/2016,36,SUBN,GMC,PHTO SCHOOL ZN SPEED VIOLATION
4623393240,HJV1113,NY,PAS,9/14/2016,36,SUBN,GMC,PHTO SCHOOL ZN SPEED VIOLATION
4633560232,B77FRW,NJ,PAS,5/8/2017,36,WAGO,HONDA,PHTO SCHOOL ZN SPEED VIOLATION
4628277370,DJF3555,NY,PAS,12/15/2016,36,4DSD,HONDA,PHTO SCHOOL ZN SPEED VIOLATION
4630268431,DMM8334,NY,PAS,2/2/2017,36,4DSD,HONDA,PHTO SCHOOL ZN SPEED VIOLATION
4633215978,ESK4137,NY,PAS,5/1/2017,36,SUBN,HONDA,PHTO SCHOOL ZN SPEED VIOLATION
4634195458,EUG5313,NY,PAS,5/22/2017,36,4DSD,HONDA,PHTO SCHOOL ZN SPEED VIOLATION
4632953775,EXM3315,NY,PAS,4/25/2017,36,2DSD,HONDA,PHTO SCHOOL ZN SPEED VIOLATION
4632297847,FEJ4610,NY,PAS,3/30/2017,36,4DSD,HONDA,PHTO SCHOOL ZN SPEED VIOLATION
4623083550,FZM1848,NY,PAS,9/8/2016,36,4DSD,HONDA,PHTO SCHOOL ZN SPEED VIOLATION
4623433754,GKV9373,NY,PAS,9/15/2016,36,SUBN,HONDA,PHTO SCHOOL ZN SPEED VIOLATION
4633489574,GMK6658,NY,PAS,5/2/2017,36,4DSD,HONDA,PHTO SCHOOL ZN SPEED VIOLATION
4634803677,GXV2822,NY,PAS,6/6/2017,36,4DSD,HONDA,PHTO SCHOOL ZN SPEED VIOLATION
4627198231,GYB8478,NY,PAS,11/22/2016,36,SUBN,HONDA,PHTO SCHOOL ZN SPEED VIOLATION
4623708354,HCV4449,NY,PAS,9/20/2016,36,4DSD,HONDA,PHTO SCHOOL ZN SPEED VIOLATION
4625564463,HHC5309,NY,PAS,10/21/2016,36,2DSD,HONDA,PHTO SCHOOL ZN SPEED VIOLATION
4627490628,HHL8974,NY,PAS,12/5/2016,36,4DSD,HONDA,PHTO SCHOOL ZN SPEED VIOLATION
4634899851,HNB6369,NY,PAS,6/9/2017,36,4DSD,HONDA,PHTO SCHOOL ZN SPEED VIOLATION
4632049724,JPA2121,PA,PAS,3/20/2017,36,SW,HONDA,PHTO SCHOOL ZN SPEED VIOLATION
4627882531,KBK7452,PA,PAS,12/8/2016,36,SDN,HONDA,PHTO SCHOOL ZN SPEED VIOLATION
4626203024,LPV63K,NJ,PAS,11/1/2016,36,WAGO,HONDA,PHTO SCHOOL ZN SPEED VIOLATION
4624272158,RXB49E,NJ,PAS,9/28/2016,36,WAGO,HONDA,PHTO SCHOOL ZN SPEED VIOLATION
4628684108,W28HDS,NJ,PAS,12/19/2016,36,4 DR,HONDA,PHTO SCHOOL ZN SPEED VIOLATION
4632988108,Z89CYH,NJ,PAS,4/26/2017,36,WAGO,HONDA,PHTO SCHOOL ZN SPEED VIOLATION
4629475643,5XP943,NY,PAS,1/13/2017,36,4DSD,HYUND,PHTO SCHOOL ZN SPEED VIOLATION
4625674141,BGR3063,NY,PAS,10/24/2016,36,4DSD,HYUND,PHTO SCHOOL ZN SPEED VIOLATION
4623505170,DGM8721,NY,PAS,9/16/2016,36,SUBN,HYUND,PHTO SCHOOL ZN SPEED VIOLATION
4631977218,GPH8659,NY,PAS,3/21/2017,36,4DSD,HYUND,PHTO SCHOOL ZN SPEED VIOLATION
4631594329,GPZ1922,NY,PAS,3/13/2017,36,SUBN,HYUND,PHTO SCHOOL ZN SPEED VIOLATION
4624796032,HAP9881,NY,PAS,10/7/2016,36,SUBN,HYUND,PHTO SCHOOL ZN SPEED VIOLATION
4632678715,T724474C,NY,OMT,4/7/2017,36,4DSD,HYUND,PHTO SCHOOL ZN SPEED VIOLATION
4630976050,VPX8534,VA,PAS,2/17/2017,36,SU,HYUND,PHTO SCHOOL ZN SPEED VIOLATION
4626350057,GEN1029,NY,PAS,11/3/2016,36,SUBN,INFIN,PHTO SCHOOL ZN SPEED VIOLATION
4623442081,GHL2282,NY,PAS,9/15/2016,36,4DSD,INFIN,PHTO SCHOOL ZN SPEED VIOLATION
4624241198,T686150C,NY,OMT,9/28/2016,36,SUBN,INFIN,PHTO SCHOOL ZN SPEED VIOLATION
4622845040,19603TT,NY,TOW,8/10/2016,36,TOW,INTER,PHTO SCHOOL ZN SPEED VIOLATION
4630066822,FTV8624,NY,PAS,1/24/2017,36,4DSD,JAGUA,PHTO SCHOOL ZN SPEED VIOLATION
4628491689,353XXL,FL,PAS,12/20/2016,36,UT,JEEP,PHTO SCHOOL ZN SPEED VIOLATION
4627065334,DGN4487,NY,PAS,11/18/2016,36,SUBN,JEEP,PHTO SCHOOL ZN SPEED VIOLATION
4626772705,HAM6678,NY,PAS,11/14/2016,36,4DSD,KIA,PHTO SCHOOL ZN SPEED VIOLATION
4626358743,GNN6005,NY,PAS,11/3/2016,36,4DSD,LEXUS,PHTO SCHOOL ZN SPEED VIOLATION
4622727298,GWF1975,NY,PAS,8/4/2016,36,4DSD,LEXUS,PHTO SCHOOL ZN SPEED VIOLATION
4622272659,HEA8485,NY,OMS,7/14/2016,36,4DSD,LEXUS,PHTO SCHOOL ZN SPEED VIOLATION
4631639052,HEK6758,NY,PAS,3/9/2017,36,SUBN,LEXUS,PHTO SCHOOL ZN SPEED VIOLATION
4629635506,HHA6371,NY,PAS,1/18/2017,36,SUBN,LEXUS,PHTO SCHOOL ZN SPEED VIOLATION
4633257055,HJN6853,NY,PAS,5/2/2017,36,SUBN,LEXUS,PHTO SCHOOL ZN SPEED VIOLATION
4629197515,N78FLU,NJ,PAS,1/9/2017,36,WAGO,LEXUS,PHTO SCHOOL ZN SPEED VIOLATION
4633226356,PTJ969,NY,PAS,5/1/2017,36,SUBN,LEXUS,PHTO SCHOOL ZN SPEED VIOLATION
4626735174,HGR5863,NY,PAS,11/14/2016,36,4DSD,LINCO,PHTO SCHOOL ZN SPEED VIOLATION
4622247501,T635722C,NY,OMT,7/13/2016,36,4DSD,LINCO,PHTO SCHOOL ZN SPEED VIOLATION
4626383063,T701050C,NY,OMT,11/4/2016,36,4DSD,LINCO,PHTO SCHOOL ZN SPEED VIOLATION
4631263763,92814,NY,MED,3/3/2017,36,4DSD,ME/BE,PHTO SCHOOL ZN SPEED VIOLATION
4626546109,39999MB,NY,COM,11/7/2016,36,VAN,ME/BE,PHTO SCHOOL ZN SPEED VIOLATION
4626838832,EVV1706,NY,PAS,11/16/2016,36,2DSD,ME/BE,PHTO SCHOOL ZN SPEED VIOLATION
4623995203,FHV5859,NY,PAS,9/23/2016,36,4DSD,ME/BE,PHTO SCHOOL ZN SPEED VIOLATION
4632906438,GTB2097,NY,PAS,4/24/2017,36,SUBN,ME/BE,PHTO SCHOOL ZN SPEED VIOLATION
4633747381,HPA3069,NY,PAS,5/12/2017,36,2DSD,MINI,PHTO SCHOOL ZN SPEED VIOLATION
4628411931,GTJ9563,NY,PAS,12/16/2016,36,4DSD,MITSU,PHTO SCHOOL ZN SPEED VIOLATION
4622724601,EJG3090,NY,PAS,8/4/2016,36,4DSD,NISSA,PHTO SCHOOL ZN SPEED VIOLATION
4624182546,FHD2704,NY,PAS,9/27/2016,36,4DSD,NISSA,PHTO SCHOOL ZN SPEED VIOLATION
4630154796,FYB4398,NY,PAS,1/31/2017,36,SUBN,NISSA,PHTO SCHOOL ZN SPEED VIOLATION
4633052056,GAU8752,NY,PAS,4/27/2017,36,SUBN,NISSA,PHTO SCHOOL ZN SPEED VIOLATION
4625956213,GFM3693,NY,PAS,10/27/2016,36,4DSD,NISSA,PHTO SCHOOL ZN SPEED VIOLATION
4634991421,GMS3982,NY,PAS,6/13/2017,36,SUBN,NISSA,PHTO SCHOOL ZN SPEED VIOLATION
4625626006,GTL5801,NY,PAS,10/26/2016,36,4DSD,NISSA,PHTO SCHOOL ZN SPEED VIOLATION
4624010073,GUU9995,NY,PAS,9/23/2016,36,SUBN,NISSA,PHTO SCHOOL ZN SPEED VIOLATION
4630535779,HKM3744,NY,PAS,2/3/2017,36,4DSD,NISSA,PHTO SCHOOL ZN SPEED VIOLATION
4633458899,HMX9162,NY,PAS,5/4/2017,36,4DSD,NISSA,PHTO SCHOOL ZN SPEED VIOLATION
4633736383,GHF2057,NY,PAS,5/5/2017,36,2DSD,SMART,PHTO SCHOOL ZN SPEED VIOLATION
4628471230,GYW6429,NY,PAS,12/19/2016,36,SUBN,SUBAR,PHTO SCHOOL ZN SPEED VIOLATION
4632483060,HFS9255,NY,PAS,4/4/2017,36,SUBN,SUBAR,PHTO SCHOOL ZN SPEED VIOLATION
4629933499,UNZ802,NY,PAS,1/25/2017,36,SUBN,SUBAR,PHTO SCHOOL ZN SPEED VIOLATION
4631525290,9F69B,NY,OMT,3/3/2017,36,TAXI,TOYOT,PHTO SCHOOL ZN SPEED VIOLATION
4627196258,BKE8325,NY,PAS,11/22/2016,36,SUBN,TOYOT,PHTO SCHOOL ZN SPEED VIOLATION
4628712840,CBE9063,NY,PAS,12/22/2016,36,4DSD,TOYOT,PHTO SCHOOL ZN SPEED VIOLATION
4626437205,EBW9207,NY,PAS,11/4/2016,36,4DSD,TOYOT,PHTO SCHOOL ZN SPEED VIOLATION
4625979705,EEM6114,NY,PAS,10/28/2016,36,SUBN,TOYOT,PHTO SCHOOL ZN SPEED VIOLATION
4628920278,FXX8143,NY,PAS,1/3/2017,36,4DSD,TOYOT,PHTO SCHOOL ZN SPEED VIOLATION
4635192880,GGB4757,NY,PAS,6/16/2017,36,4DSD,TOYOT,PHTO SCHOOL ZN SPEED VIOLATION
4632534833,GVC1192,NY,PAS,4/4/2017,36,SUBN,TOYOT,PHTO SCHOOL ZN SPEED VIOLATION
4625003180,HFH3628,NY,PAS,10/13/2016,36,4DSD,TOYOT,PHTO SCHOOL ZN SPEED VIOLATION
4630601934,HHU7705,NY,PAS,2/6/2017,36,SUBN,TOYOT,PHTO SCHOOL ZN SPEED VIOLATION
4627237492,T435176C,NY,OMT,11/22/2016,36,4DSD,TOYOT,PHTO SCHOOL ZN SPEED VIOLATION
4629207612,T663277C,NY,OMT,1/5/2017,36,4DSD,TOYOT,PHTO SCHOOL ZN SPEED VIOLATION
4634957711,T692003C,NY,OMT,6/7/2017,36,SUBN,TOYOT,PHTO SCHOOL ZN SPEED VIOLATION
4623615984,T692737C,NY,OMT,9/19/2016,36,4DSD,TOYOT,PHTO SCHOOL ZN SPEED VIOLATION
4624196740,W688AV,NY,PAS,9/26/2016,36,SUBN,TOYOT,PHTO SCHOOL ZN SPEED VIOLATION
4633446757,FXB2287,NY,PAS,5/4/2017,36,4DSD,VOLKS,PHTO SCHOOL ZN SPEED VIOLATION
4623672323,HCS2424,NY,PAS,9/20/2016,36,SUBN,VOLKS,PHTO SCHOOL ZN SPEED VIOLATION
4626992584,GKW7146,NY,PAS,11/17/2016,36,SUBN,VOLVO,PHTO SCHOOL ZN SPEED VIOLATION
4630990185,NYRR,NY,RGL,2/17/2017,36,4DSD,VOLVO,PHTO SCHOOL ZN SPEED VIOLATION
8457515251,HAK5607,NY,PAS,1/13/2017,37,SUBN,AUDI,37-Expired Muni Meter
8306031910,GBD7091,NY,PAS,12/7/2016,37,SUBN,BMW,37-Expired Muni Meter
8457507084,GXL3727,NY,PAS,11/16/2016,37,4DSD,BMW,37-Expired Muni Meter
8505255379,M70HGT,NJ,PAS,1/27/2017,37,4DSD,BMW,37-Expired Muni Meter
7128799357,ZPBEAR,NY,SRF,9/29/2016,37,CONV,BMW,37-Expired Muni Meter
8518359399,25739MA,NY,COM,4/11/2017,37,VAN,CHEVR,37-Expired Muni Meter
7251577239,EKE9259,NY,PAS,12/7/2016,37,SUBN,CHEVR,37-Expired Muni Meter
8483263385,GEX1404,NY,PAS,4/15/2017,37,4DSD,CHRYS,37-Expired Muni Meter
7658725067,45959MH,NY,COM,12/29/2016,37,VAN,DODGE,37-Expired Muni Meter
7808333074,GWG6715,NY,PAS,11/9/2016,37,SUBN,DODGE,37-Expired Muni Meter
8511286664,30330MC,NY,COM,6/17/2017,37,VAN,FORD,37-Expired Muni Meter
8424504914,53185JX,NY,COM,8/15/2016,37,VAN,FORD,37-Expired Muni Meter
8512119433,76877MJ,NY,COM,5/24/2017,37,VAN,FORD,37-Expired Muni Meter
8513111030,GMZ9316,NY,PAS,4/26/2017,37,SUBN,FORD,37-Expired Muni Meter
8095027893,GVU9201,NY,PAS,8/9/2016,37,4DSD,FORD,37-Expired Muni Meter
7018187588,J96GMD,NJ,PAS,11/12/2016,37,PICK,FORD,37-Expired Muni Meter
8519703471,Y81GLL,NJ,PAS,2/24/2017,37,VAN,FORD,37-Expired Muni Meter
8519703094,26684MA,NY,COM,2/23/2017,37,VAN,FRUEH,37-Expired Muni Meter
8081576769,19662JA,NY,COM,12/19/2016,37,VAN,GMC,37-Expired Muni Meter
8323007330,MSINGH,NY,SRF,8/22/2016,37,SUBN,GMC,37-Expired Muni Meter
8522218316,EFJ1721,NY,PAS,5/17/2017,37,SUBN,HONDA,37-Expired Muni Meter
8362534679,FLW5550,NY,PAS,4/6/2017,37,SUBN,HONDA,37-Expired Muni Meter
7816795701,GND8994,NY,PAS,11/5/2016,37,4DSD,HONDA,37-Expired Muni Meter
8188109824,GVK6209,NY,PAS,12/10/2016,37,SUBN,HONDA,37-Expired Muni Meter
8553153472,HDN9923,NY,PAS,5/11/2017,37,SUBN,HONDA,37-Expired Muni Meter
7310298330,GMR2584,NY,PAS,12/1/2016,37,4DSD,HYUND,37-Expired Muni Meter
8245564473,HLW1524,NY,PAS,10/26/2016,37,SUBN,HYUND,37-Expired Muni Meter
8467017971,EWV3891,NY,PAS,10/26/2016,37,4DSD,INFIN,37-Expired Muni Meter
7755149869,GPK7120,NY,PAS,10/13/2016,37,4DSD,INFIN,37-Expired Muni Meter
8086035645,49966JG,NY,COM,9/14/2016,37,VAN,INTER,37-Expired Muni Meter
7035587469,GSC8976,NY,PAS,8/1/2016,37,SUBN,JEEP,37-Expired Muni Meter
8261064578,GSM5317,NY,PAS,11/14/2016,37,4DSD,KIA,37-Expired Muni Meter
8528450650,CSHV03,FL,PAS,2/27/2017,37,4DSD,LEXUS,37-Expired Muni Meter
8490569400,HBT2206,NY,PAS,3/1/2017,37,SUBN,LINCO,37-Expired Muni Meter
8347522157,HJY6578,NY,PAS,10/4/2016,37,SUBN,LINCO,37-Expired Muni Meter
8302035312,T693044C,NY,OMT,11/3/2016,37,4DSD,LINCO,37-Expired Muni Meter
7729115463,HDV2678,NY,PAS,9/28/2016,37,PICK,MAZDA,37-Expired Muni Meter
8210512134,GXM8761,NY,PAS,7/1/2016,37,4DSD,ME/BE,37-Expired Muni Meter
7079881500,GXU5070,NY,PAS,4/29/2017,37,SUBN,ME/BE,37-Expired Muni Meter
8345018233,XADY93,NJ,PAS,9/13/2016,37,VAN,NISSA,37-Expired Muni Meter
8489530932,JFW6671,PA,PAS,4/18/2017,37,4DSD,PONTI,37-Expired Muni Meter
8347510180,HAU1658,NY,PAS,7/23/2016,37,SUBN,SPRI,37-Expired Muni Meter
7000296318,D49HND,NJ,PAS,3/22/2017,37,SUBN,TOYOT,37-Expired Muni Meter
8478472812,EAW3389,NY,PAS,3/6/2017,37,4DSD,TOYOT,37-Expired Muni Meter
8550159396,EBM8845,NY,PAS,6/16/2017,37,SUBN,TOYOT,37-Expired Muni Meter
7084261187,FZN7149,NY,PAS,8/24/2016,37,SUBN,TOYOT,37-Expired Muni Meter
7238369850,GKB2710,NY,PAS,7/25/2016,37,SUBN,TOYOT,37-Expired Muni Meter
8475489709,HFM9768,NY,PAS,4/5/2017,37,SUBN,TOYOT,37-Expired Muni Meter
8391016900,EMM8151,NY,PAS,11/2/2016,37,SUBN,VOLVO,37-Expired Muni Meter
8372548559,EWN1057,NY,PAS,3/13/2017,38,SUBN,ACURA,38-Failure to Display Muni Rec
8546314093,GBG4410,NY,PAS,5/27/2017,38,SUBN,ACURA,38-Failure to Display Muni Rec
8467035675,GSB3078,NY,PAS,1/16/2017,38,SUBN,ACURA,38-Failure to Display Muni Rec
8023096722,H25FHZ,NJ,PAS,8/26/2016,38,SUBN,ACURA,38-Failure to Display Muni Rec
8515865737,AJ08289,CT,PAS,4/12/2017,38,4DSD,AUDI,38-Failure to Display Muni Rec
8093057328,PPL3935,GA,PAS,2/13/2017,38,SUBN,AUDI,38-Failure to Display Muni Rec
8467045826,GEG1583,NY,PAS,3/2/2017,38,SUBN,BMW,38-Failure to Display Muni Rec
7752393691,HJF2092,NY,PAS,12/3/2016,38,SUBN,BMW,38-Failure to Display Muni Rec
8506469132,W43GFH,NJ,PAS,4/5/2017,38,4DSD,BMW,38-Failure to Display Muni Rec
8550654115,GYV8496,NY,PAS,5/2/2017,38,SUBN,CADIL,38-Failure to Display Muni Rec
8521609796,HMA6778,NY,PAS,4/3/2017,38,SUBN,CADIL,38-Failure to Display Muni Rec
7395462774,12133JY,NY,COM,9/23/2016,38,VAN,CHEVR,38-Failure to Display Muni Rec
7926615596,12411JY,NY,COM,9/12/2016,38,VAN,CHEVR,38-Failure to Display Muni Rec
8507056830,20654ME,NY,COM,3/2/2017,38,VAN,CHEVR,38-Failure to Display Muni Rec
8514752339,85562ME,NY,COM,3/28/2017,38,VAN,CHEVR,38-Failure to Display Muni Rec
8505131836,87155MA,NY,COM,5/27/2017,38,VAN,CHEVR,38-Failure to Display Muni Rec
8355032767,96143MB,NY,COM,12/8/2016,38,VAN,CHEVR,38-Failure to Display Muni Rec
8549906335,FCM7111,NY,PAS,5/24/2017,38,SUBN,CHEVR,38-Failure to Display Muni Rec
7034978219,GHK9710,NY,PAS,9/21/2016,38,SUBN,CHEVR,38-Failure to Display Muni Rec
8543015133,HFV7703,NY,PAS,6/20/2017,38,SUBN,CHEVR,38-Failure to Display Muni Rec
8490761784,HHS5227,NY,PAS,1/20/2017,38,SUBN,CHEVR,38-Failure to Display Muni Rec
8206046343,HMU5912,NY,PAS,3/4/2017,38,SUBN,CHEVR,38-Failure to Display Muni Rec
8491610029,XDDX12,NJ,PAS,1/21/2017,38,VAN,CHEVR,38-Failure to Display Muni Rec
8548102378,HEJ9518,NY,PAS,4/26/2017,38,SUBN,CHRYS,38-Failure to Display Muni Rec
8550958402,HHU8104,NY,PAS,5/24/2017,38,SUBN,DODGE,38-Failure to Display Muni Rec
8523051284,SH3ZBAD,AL,PAS,3/11/2017,38,4DSD,DODGE,38-Failure to Display Muni Rec
8470577803,W468KH,IA,PAS,2/4/2017,38,PICK,DODGE,38-Failure to Display Muni Rec
8063538547,26013KA,NY,COM,8/4/2016,38,VAN,FORD,38-Failure to Display Muni Rec
7038676805,29518MD,NY,COM,1/20/2017,38,VAN,FORD,38-Failure to Display Muni Rec
8167068687,50651JT,NY,COM,1/19/2017,38,VAN,FORD,38-Failure to Display Muni Rec
8081538124,56363KA,NY,COM,8/1/2016,38,VAN,FORD,38-Failure to Display Muni Rec
8515456515,72108MH,NY,COM,4/18/2017,38,VAN,FORD,38-Failure to Display Muni Rec
8034466670,83546JU,NY,COM,10/4/2016,38,VAN,FORD,38-Failure to Display Muni Rec
7041087311,EDNASON,NY,SRF,8/19/2016,38,4DSD,FORD,38-Failure to Display Muni Rec
8370519581,GHM9658,NY,PAS,10/22/2016,38,SUBN,FORD,38-Failure to Display Muni Rec
7025521814,GTZ2070,NY,PAS,7/12/2016,38,SUBN,FORD,38-Failure to Display Muni Rec
8529109661,GZM3633,NY,PAS,4/24/2017,38,SUBN,FORD,38-Failure to Display Muni Rec
8437007306,HDE3721,NY,OMS,9/28/2016,38,VAN,FORD,38-Failure to Display Muni Rec
8104553239,HHG5974,NY,PAS,2/11/2017,38,4DSD,FORD,38-Failure to Display Muni Rec
7035942324,HHU3520,NY,PAS,9/6/2016,38,CONV,FORD,38-Failure to Display Muni Rec
7034999387,HKS5462,NY,PAS,3/27/2017,38,SUBN,FORD,38-Failure to Display Muni Rec
7081935680,MLU536,SC,PAS,12/14/2016,38,SUBN,FORD,38-Failure to Display Muni Rec
8394507669,12837JB,NY,COM,9/13/2016,38,DELV,FRUEH,38-Failure to Display Muni Rec
8010068883,AT560J,NJ,PAS,1/25/2017,38,DELV,FRUEH,38-Failure to Display Muni Rec
8226541451,12460JY,NY,COM,9/22/2016,38,VAN,GMC,38-Failure to Display Muni Rec
7048680090,12569JY,NY,COM,3/28/2017,38,VAN,GMC,38-Failure to Display Muni Rec
7047487591,50741JZ,NY,COM,4/13/2017,38,UTIL,GMC,38-Failure to Display Muni Rec
7079347580,58577JZ,NY,COM,7/23/2016,38,VAN,GMC,38-Failure to Display Muni Rec
8288531891,67173MC,NY,COM,9/29/2016,38,VAN,GMC,38-Failure to Display Muni Rec
7453993295,89661JV,NY,COM,8/6/2016,38,VAN,GMC,38-Failure to Display Muni Rec
8502858361,DJE1983,MI,PAS,2/18/2017,38,SUBN,GMC,38-Failure to Display Muni Rec
7079025515,GDR6073,NY,PAS,11/19/2016,38,SUBN,GMC,38-Failure to Display Muni Rec
7031406213,GYJ5951,NY,PAS,9/10/2016,38,SUBN,GMC,38-Failure to Display Muni Rec
8524952829,HNJ3540,NY,PAS,3/15/2017,38,PICK,GMC,38-Failure to Display Muni Rec
7503174304,L45DKG,NJ,PAS,9/15/2016,38,VAN,GMC,38-Failure to Display Muni Rec
8344008256,DHJ5741,NY,PAS,9/3/2016,38,SUBN,HONDA,38-Failure to Display Muni Rec
8541357818,EFD2730,NY,PAS,6/17/2017,38,SUBN,HONDA,38-Failure to Display Muni Rec
8171538265,FBG3249,NY,PAS,2/10/2017,38,4DSD,HONDA,38-Failure to Display Muni Rec
7640787490,GTS6000,NY,PAS,10/20/2016,38,SUBN,HONDA,38-Failure to Display Muni Rec
8040135217,GTV5924,NY,PAS,11/19/2016,38,SUBN,HONDA,38-Failure to Display Muni Rec
8543005826,GXG5042,NY,PAS,5/23/2017,38,SUBN,HONDA,38-Failure to Display Muni Rec
8530358399,HLU6261,NY,PAS,4/17/2017,38,SUBN,HONDA,38-Failure to Display Muni Rec
8329010144,HTV5783,PA,PAS,7/2/2016,38,4DSD,HONDA,38-Failure to Display Muni Rec
7216384532,T712744C,NY,OMT,3/7/2017,38,SUBN,HONDA,38-Failure to Display Muni Rec
8239540910,EWM9132,NY,PAS,11/11/2016,38,4DSD,HYUND,38-Failure to Display Muni Rec
8513268173,HAT7232,NY,PAS,5/27/2017,38,SUBN,HYUND,38-Failure to Display Muni Rec
8478953528,JNB5044,PA,PAS,12/17/2016,38,SUBN,HYUND,38-Failure to Display Muni Rec
8471611235,T13AZX,NJ,PAS,10/10/2016,38,4DSD,HYUND,38-Failure to Display Muni Rec
7015856128,GMU5413,NY,PAS,9/6/2016,38,4DSD,INFIN,38-Failure to Display Muni Rec
8532505170,HAZ7926,NY,PAS,4/15/2017,38,4DSD,INFIN,38-Failure to Display Muni Rec
8156045178,HLF3741,NY,PAS,12/21/2016,38,4DSD,INFIN,38-Failure to Display Muni Rec
8477154788,AP656S,NJ,PAS,2/7/2017,38,REFG,INTER,38-Failure to Display Muni Rec
7992738184,63162MD,NY,COM,10/24/2016,38,VAN,ISUZU,38-Failure to Display Muni Rec
8488913308,GYV3087,NY,PAS,3/13/2017,38,SUBN,JEEP,38-Failure to Display Muni Rec
8303532224,HAB4875,NY,PAS,2/1/2017,38,SUBN,JEEP,38-Failure to Display Muni Rec
7172330286,MHM933,SC,PAS,1/18/2017,38,SUBN,KIA,38-Failure to Display Muni Rec
8279018967,V41GCR,NJ,PAS,8/13/2016,38,SUBN,KIA,38-Failure to Display Muni Rec
8530104183,EMK4874,NY,PAS,3/21/2017,38,4DSD,LEXUS,38-Failure to Display Muni Rec
8228552543,GEA2261,NY,PAS,4/27/2017,38,4DSD,LEXUS,38-Failure to Display Muni Rec
8508407440,67171MD,NY,COM,3/2/2017,38,VAN,ME/BE,38-Failure to Display Muni Rec
7473540725,GDV9810,NY,PAS,2/11/2017,38,SUBN,ME/BE,38-Failure to Display Muni Rec
8184542148,GVL6825,NY,PAS,7/27/2016,38,SUBN,ME/BE,38-Failure to Display Muni Rec
7686795950,HKV4674,NY,PAS,2/14/2017,38,SUBN,ME/BE,38-Failure to Display Muni Rec
8550508081,GYK6894,NY,PAS,5/22/2017,38,SUBN,MERCU,38-Failure to Display Muni Rec
8031065469,20188MB,NY,COM,8/3/2016,38,VAN,NISSA,38-Failure to Display Muni Rec
8451034871,ECT9910,NY,PAS,3/8/2017,38,SUBN,NISSA,38-Failure to Display Muni Rec
8558610137,FBB5153,NY,PAS,6/3/2017,38,4DSD,NISSA,38-Failure to Display Muni Rec
8489508318,FGP8657,NY,PAS,1/3/2017,38,SUBN,NISSA,38-Failure to Display Muni Rec
8358539046,GDV2141,NY,PAS,12/15/2016,38,4DSD,NISSA,38-Failure to Display Muni Rec
7687172486,GPV3988,NY,PAS,8/5/2016,38,4DSD,NISSA,38-Failure to Display Muni Rec
7536344478,HAL6563,NY,PAS,10/12/2016,38,SUBN,NISSA,38-Failure to Display Muni Rec
8566256827,HBX4254,NY,PAS,6/22/2017,38,4DSD,NISSA,38-Failure to Display Muni Rec
7238386082,HDV1381,NY,PAS,11/10/2016,38,4DSD,NISSA,38-Failure to Display Muni Rec
7878306229,HFX5240,NY,OMS,8/26/2016,38,SUBN,NISSA,38-Failure to Display Muni Rec
7466353927,HHT7133,NY,PAS,1/9/2017,38,4DSD,NISSA,38-Failure to Display Muni Rec
7034595768,76TD28,NY,MOT,10/26/2016,38,MCY,NS/OT,38-Failure to Display Muni Rec
8520571347,848SSCV,CT,CMB,6/9/2017,38,SUBN,NS/OT,38-Failure to Display Muni Rec
8289029433,85773JX,NY,COM,8/20/2016,38,DELV,NS/OT,38-Failure to Display Muni Rec
8329046527,JVN4312,PA,PAS,1/13/2017,38,4DSD,PLYMO,38-Failure to Display Muni Rec
7725868070,HCM6889,NY,PAS,10/28/2016,38,SUBN,PORSC,38-Failure to Display Muni Rec
8528153757,917029N,NJ,PAS,3/17/2017,38,4DSD,SCION,38-Failure to Display Muni Rec
7034261090,DND4427,NY,PAS,3/21/2017,38,4DSD,SUBAR,38-Failure to Display Muni Rec
7310311681,973,NY,VAS,2/2/2017,38,SUBN,TOYOT,38-Failure to Display Muni Rec
8071059808,2W13A,NY,OMT,10/24/2016,38,4DSD,TOYOT,38-Failure to Display Muni Rec
8516566730,9V12H,NY,OMT,4/22/2017,38,TAXI,TOYOT,38-Failure to Display Muni Rec
8170062536,EPF5214,NY,PAS,10/26/2016,38,SUBN,TOYOT,38-Failure to Display Muni Rec
8562250776,FFL7741,NY,PAS,5/8/2017,38,SUBN,TOYOT,38-Failure to Display Muni Rec
8504983146,FZH3835,NY,PAS,5/9/2017,38,PICK,TOYOT,38-Failure to Display Muni Rec
8102014891,GLP9323,NY,PAS,10/24/2016,38,SUBN,TOYOT,38-Failure to Display Muni Rec
8163093262,GZK4605,NY,PAS,1/20/2017,38,4DSD,TOYOT,38-Failure to Display Muni Rec
8480572620,GZP8205,NY,PAS,3/28/2017,38,4DSD,TOYOT,38-Failure to Display Muni Rec
8170080708,HHC5057,NY,PAS,1/14/2017,38,4DSD,TOYOT,38-Failure to Display Muni Rec
8298024096,K70BCS,NJ,PAS,10/22/2016,38,SUBN,TOYOT,38-Failure to Display Muni Rec
8479916916,MH718,RI,PAS,3/18/2017,38,SUBN,TOYOT,38-Failure to Display Muni Rec
7690764873,T672543C,NY,OMT,10/18/2016,38,SUBN,TOYOT,38-Failure to Display Muni Rec
8475000216,T677560C,NY,OMT,10/26/2016,38,4DSD,TOYOT,38-Failure to Display Muni Rec
8511274996,YCNZ15,NJ,PAS,5/16/2017,38,PICK,TOYOT,38-Failure to Display Muni Rec
8546358047,T717493C,NY,OMT,6/15/2017,38,4DSD,VOLKS,38-Failure to Display Muni Rec
8532118252,B78AKY,NJ,PAS,6/8/2017,38,4DSD,VOLVO,38-Failure to Display Muni Rec
7029194834,CMMCK,TX,PAS,11/4/2016,38,4DSD,VOLVO,38-Failure to Display Muni Rec
8169543885,HHK8137,NY,PAS,9/14/2016,38,SUBN,VOLVO,38-Failure to Display Muni Rec
8270554248,EXP9969,NY,PAS,1/21/2017,40,4DSD,BMW,40-Fire Hydrant
8520655269,FWD5326,NY,PAS,3/7/2017,40,SUBN,BMW,40-Fire Hydrant
8487577714,R5634P,TN,PAS,2/22/2017,40,4DSD,BMW,40-Fire Hydrant
8293078133,HGJ2021,NY,PAS,1/10/2017,40,SUBN,BUICK,40-Fire Hydrant
8476754036,5733VQ,ME,PAS,1/28/2017,40,4DSD,CHEVR,40-Fire Hydrant
8524758790,62122MJ,NY,COM,4/14/2017,40,VAN,CHEVR,40-Fire Hydrant
8090532962,EUZ1312,NY,PAS,4/11/2017,40,4DSD,DODGE,40-Fire Hydrant
7807866536,10992ME,NY,COM,11/14/2016,40,VAN,FORD,40-Fire Hydrant
8521411923,AH20097,AZ,PAS,4/22/2017,40,VAN,FORD,40-Fire Hydrant
8486983800,C087382,CT,PAS,4/10/2017,40,VAN,FORD,40-Fire Hydrant
7813974049,GLS7002,NY,PAS,9/9/2016,40,SUBN,FORD,40-Fire Hydrant
8526650464,GXA7604,NY,PAS,2/24/2017,40,2DSD,FORD,40-Fire Hydrant
7509978221,12127MJ,NY,COM,2/27/2017,40,VAN,FRUEH,40-Fire Hydrant
8521702024,67667MH,NY,COM,2/22/2017,40,DELV,FRUEH,40-Fire Hydrant
8503070157,85849MA,NY,COM,4/5/2017,40,DELV,FRUEH,40-Fire Hydrant
8100540172,88700JA,NY,COM,2/23/2017,40,DELV,FRUEH,40-Fire Hydrant
8530477870,17623MK,NY,COM,6/12/2017,40,VAN,GMC,40-Fire Hydrant
8553659872,36012JH,NY,COM,6/5/2017,40,VAN,GMC,40-Fire Hydrant
8283027748,FLJ1982,TX,PAS,7/29/2016,40,4DSD,HONDA,40-Fire Hydrant
8533207992,FMF1924,NY,PAS,3/28/2017,40,SUBN,HONDA,40-Fire Hydrant
8525513556,GBE4428,NY,PAS,4/17/2017,40,4DSD,HONDA,40-Fire Hydrant
8490855328,HCR1371,NY,PAS,1/17/2017,40,SUBN,HONDA,40-Fire Hydrant
1418809688,HKP7234,NY,PAS,2/10/2017,40,SDN,HONDA,
7615916161,VBS6310,VA,PAS,4/8/2017,40,2DSD,HYUND,40-Fire Hydrant
8532406476,8CE6308,MD,PAS,6/2/2017,40,4DSD,INFIN,40-Fire Hydrant
8260026995,41955JX,NY,COM,10/28/2016,40,DELV,INTER,40-Fire Hydrant
8479310108,AN294N,NJ,PAS,3/15/2017,40,DELV,INTER,40-Fire Hydrant
8564313893,HMJ8126,NY,PAS,6/26/2017,40,SUBN,JEEP,40-Fire Hydrant
8537307087,FLN2294,NY,PAS,4/12/2017,40,4DSD,ME/BE,40-Fire Hydrant
8562902573,HHB6458,NY,PAS,6/3/2017,40,4DSD,ME/BE,40-Fire Hydrant
8515271692,22436JW,NY,COM,5/2/2017,40,DELV,MITSU,40-Fire Hydrant
1404820255,31535JU,NY,COM,12/6/2016,40,DELV,MITSU,
1385822545,CWM3813,NY,PAS,8/14/2016,40,SDN,NISSA,
8429514260,GLC1162,NY,PAS,10/8/2016,40,4DSD,NISSA,40-Fire Hydrant
1418357212,HGK5374,NY,PAS,5/9/2017,40,SDN,NISSA,
1418741530,HMN1703,NY,PAS,4/1/2017,40,SUBN,NISSA,
7628394670,YLC28F,NJ,PAS,9/12/2016,40,4DSD,NISSA,40-Fire Hydrant
8210526881,3MD9721,MD,PAS,10/11/2016,40,SUBN,PORSC,40-Fire Hydrant
8521501067,2AVAF1,CT,PAS,2/15/2017,40,2DSD,SCION,40-Fire Hydrant
8087547044,JONNAS,NY,SRF,2/6/2017,40,4DSD,SUBAR,40-Fire Hydrant
7170603627,GDE5084,NY,PAS,8/17/2016,40,4DSD,TOYOT,40-Fire Hydrant
1411957532,GHR9886,NY,PAS,10/30/2016,40,SDN,TOYOT,
7036196488,HDS6837,NY,PAS,9/29/2016,40,4DSD,TOYOT,40-Fire Hydrant
1413656420,T672371C,NY,PAS,2/4/2017,40,TAXI,TOYOT,
1413609545,X20DCM,NJ,PAS,8/3/2016,40,SDN,TOYOT,
8150083686,67754MC,NY,COM,11/16/2016,40,DELV,UPS,40-Fire Hydrant
8509669090,91656MC,NY,COM,4/28/2017,40,VAN,WORKH,40-Fire Hydrant
8491851975,98166MD,NY,COM,12/8/2016,42,VAN,CHEVR,42-Exp. Muni-Mtr (Com. Mtr. Z)
8480450563,21834ME,NY,COM,11/21/2016,42,VAN,FORD,42-Exp. Muni-Mtr (Com. Mtr. Z)
8107526170,57300MC,NY,COM,9/8/2016,42,VAN,FORD,42-Exp. Muni-Mtr (Com. Mtr. Z)
8479406173,52880MH,NY,COM,1/26/2017,42,VAN,FRUEH,42-Exp. Muni-Mtr (Com. Mtr. Z)
8038240170,35079MD,NY,COM,12/8/2016,42,VAN,NS/OT,42-Exp. Muni-Mtr (Com. Mtr. Z)
8481615432,XDGW94,NJ,PAS,6/8/2017,42,DELV,NS/OT,42-Exp. Muni-Mtr (Com. Mtr. Z)
8374006640,FZX8942,NY,PAS,8/26/2016,46,4DSD,ACURA,46A-Double Parking (Non-COM)
8558750191,GSH2040,NY,PAS,4/20/2017,46,4DSD,ACURA,46A-Double Parking (Non-COM)
8502856637,GGL9484,NY,PAS,2/10/2017,46,4DSD,AUDI,46A-Double Parking (Non-COM)
1420319401,KKN4822,PA,PAS,5/15/2017,46,SUBN,BUICK,
7067929763,17626MK,NY,COM,1/31/2017,46,VAN,CHEVR,46B-Double Parking (Com-100Ft)
1387522700,71017JM,NY,COM,8/25/2016,46,VAN,CHEVR,
8008621527,HFP7192,NY,PAS,10/25/2016,46,VAN,CHEVR,46A-Double Parking (Non-COM)
1413687738,25570MC,NY,COM,9/6/2016,46,DELV,DODGE,
8513917291,33147MK,NY,COM,6/27/2017,46,VAN,DODGE,46A-Double Parking (Non-COM)
8505564479,99828MC,NY,COM,3/7/2017,46,VAN,DODGE,46B-Double Parking (Com-100Ft)
8513554716,XWD5801,VA,PAS,3/3/2017,46,SUBN,DODGE,46A-Double Parking (Non-COM)
1420122800,AB80443,CT,PAS,3/13/2017,46,SDN,FIAT,
8472012591,48768JZ,NY,COM,11/9/2016,46,VAN,FORD,46B-Double Parking (Com-100Ft)
1401381406,EUM7025,NY,PAS,11/14/2016,46,SUBN,FORD,
1417599716,12203MG,NY,COM,12/1/2016,46,VAN,FRUEH,
8019072664,12211MG,NY,COM,11/11/2016,46,VAN,FRUEH,46B-Double Parking (Com-100Ft)
8429513220,12246MG,NY,COM,10/4/2016,46,VAN,FRUEH,46B-Double Parking (Com-100Ft)
8470521172,28672MH,NY,COM,11/21/2016,46,VAN,FRUEH,46B-Double Parking (Com-100Ft)
1414783784,30182JF,NY,COM,11/25/2016,46,VAN,FRUEH,
8267055393,76253JY,NY,COM,10/10/2016,46,DELV,FRUEH,46B-Double Parking (Com-100Ft)
8513153333,95707MC,NY,COM,2/25/2017,46,VAN,FRUEH,46B-Double Parking (Com-100Ft)
8504710749,AB157N,NJ,PAS,3/3/2017,46,DELV,FRUEH,46B-Double Parking (Com-100Ft)
8506024420,XBPZ81,NJ,PAS,4/19/2017,46,DELV,HIN,46B-Double Parking (Com-100Ft)
8544760181,GPN6161,NY,PAS,6/20/2017,46,4DSD,HONDA,46A-Double Parking (Non-COM)
8519154645,GXC2952,NY,PAS,3/7/2017,46,SUBN,HONDA,46A-Double Parking (Non-COM)
8554356639,HAL3201,NY,PAS,5/23/2017,46,4DSD,HONDA,46A-Double Parking (Non-COM)
8537709475,HEJ2020,NY,PAS,5/5/2017,46,4DSD,HONDA,46A-Double Parking (Non-COM)
1415749504,85795MC,NY,COM,10/29/2016,46,,ISUZU,
8524957104,90371MC,NY,COM,4/24/2017,46,REFG,ISUZU,46B-Double Parking (Com-100Ft)
8432500124,GXR4201,NY,PAS,7/20/2016,46,SUBN,JEEP,46A-Double Parking (Non-COM)
8539607141,49783MA,NY,COM,5/5/2017,46,DELV,KENWO,46B-Double Parking (Com-100Ft)
1415396371,GDM8277,NY,PAS,5/10/2017,46,SDN,LEXUS,
8422555566,HDF6978,NY,PAS,2/25/2017,46,SUBN,ME/BE,46A-Double Parking (Non-COM)
8575301974,65936MK,NY,COM,6/14/2017,46,VAN,MITSU,46B-Double Parking (Com-100Ft)
1416259892,FFY2020,NY,PAS,10/20/2016,46,SDN,MITSU,
8473154551,XS465D,NJ,PAS,10/27/2016,46,DELV,MITSU,46B-Double Parking (Com-100Ft)
8484520614,XU522N,NJ,PAS,4/7/2017,46,DELV,MITSU,46B-Double Parking (Com-100Ft)
8525507428,HBN8919,NY,PAS,3/25/2017,46,4DSD,NISSA,46A-Double Parking (Non-COM)
8050574052,49731MA,NY,COM,12/30/2016,46,DELV,NS/OT,46B-Double Parking (Com-100Ft)
8503162726,GOFDX,NY,COM,3/15/2017,46,VAN,NS/OT,46B-Double Parking (Com-100Ft)
8524064390,PRF4639,GA,PAS,4/28/2017,46,SUBN,NS/OT,46A-Double Parking (Non-COM)
8378015798,DYBL66,FL,PAS,8/9/2016,46,SUBN,ROVER,46A-Double Parking (Non-COM)
8503278601,HPW9117,NY,PAS,5/27/2017,46,SUBN,ROVER,46A-Double Parking (Non-COM)
1414975570,42447MH,NY,COM,10/4/2016,46,P-U,TOYOT,
7497389804,DDJ8252,NY,PAS,11/16/2016,46,SUBN,TOYOT,46A-Double Parking (Non-COM)
7751566700,HJV8807,NY,PAS,12/27/2016,46,4DSD,TOYOT,46A-Double Parking (Non-COM)
7001431515,T665895C,NY,OMT,8/9/2016,46,4DSD,TOYOT,46A-Double Parking (Non-COM)
8518100136,T682917C,NY,OMT,2/15/2017,46,SUBN,TOYOT,46A-Double Parking (Non-COM)
8521262474,32353PC,NY,IRP,4/6/2017,46,REFG,UD,46B-Double Parking (Com-100Ft)
1416119292,TRW42B,NJ,PAS,10/9/2016,46,TLR,UTILI,
1406832248,FJA2553,NY,PAS,10/7/2016,46,SDN,VOLVO,
1406925068,19358JU,99,COM,8/23/2016,46,DELV,,
8546468965,37489BB,NY,OMR,6/12/2017,46,BUS,,46A-Double Parking (Non-COM)
1406927442,BLANKPLATE,99,999,8/20/2016,46,SDN,,
8335524634,55219MA,NY,COM,10/22/2016,47,VAN,DODGE,47-Double PKG-Midtown
8126033526,67815MC,NY,COM,10/24/2016,47,VAN,FORD,47-Double PKG-Midtown
8483357380,70728MD,NY,COM,2/3/2017,47,VAN,FORD,47-Double PKG-Midtown
8479610785,31362MG,NY,COM,1/5/2017,47,DELV,FRUEH,47-Double PKG-Midtown
8482178982,76691MH,NY,COM,4/24/2017,47,VAN,FRUEH,47-Double PKG-Midtown
8483777563,XDSL81,NJ,PAS,6/1/2017,47,DELV,FRUEH,47-Double PKG-Midtown
8476904253,97036JE,NY,COM,1/23/2017,47,VAN,GMC,47-Double PKG-Midtown
8103547682,409507,IN,PAS,7/21/2016,47,DELV,INTER,47-Double PKG-Midtown
8479509466,36488ME,NY,COM,2/10/2017,47,UTIL,INTER,47-Double PKG-Midtown
8498015157,69975MJ,NY,COM,6/13/2017,47,DELV,INTER,47-Double PKG-Midtown
7880363683,PAL7145,MN,PAS,9/26/2016,47,DELV,INTER,47-Double PKG-Midtown
7924516268,34555MD,NY,COM,11/9/2016,47,REFG,ISUZU,47-Double PKG-Midtown
8477312801,73441MG,NY,COM,4/1/2017,47,DELV,ISUZU,47-Double PKG-Midtown
8371503842,13041MJ,NY,COM,7/8/2016,47,DELV,KENWO,47-Double PKG-Midtown
8371503647,14224MJ,NY,COM,7/7/2016,47,DELV,ME/BE,47-Double PKG-Midtown
8497957076,55507JZ,NY,COM,3/20/2017,47,DELV,MITSU,47-Double PKG-Midtown
8478629828,66623ME,NY,COM,6/14/2017,47,REFG,MITSU,47-Double PKG-Midtown
8120016294,68218MG,NY,COM,12/13/2016,47,VAN,NS/OT,47-Double PKG-Midtown
1413231070,28606MH,NY,COM,8/19/2016,48,VAN,FORD,
8523502270,41990JX,NY,COM,3/3/2017,48,VAN,FORD,48-Bike Lane
8485655590,OYA8199,NJ,PAS,2/16/2017,48,BUS,FORD,48-Bike Lane
1420960260,66604MB,NY,COM,5/11/2017,48,VAN,GMCQ,
8377006390,GCR2084,NY,PAS,7/19/2016,48,4DSD,HONDA,48-Bike Lane
7577859382,GRH9256,NY,PAS,12/2/2016,48,4DSD,HONDA,48-Bike Lane
8122530205,95139JC,NY,COM,1/5/2017,48,DELV,INTER,48-Bike Lane
8254538943,390HRH,OR,PAS,9/2/2016,50,SUBN,FORD,50-Crosswalk
8518670070,96170MA,NY,COM,6/5/2017,50,VAN,FRUEH,50-Crosswalk
1410899070,GWG5875,NY,PAS,11/1/2016,50,SDN,HONDA,
1413790264,JFE0579,PA,PAS,9/10/2016,50,SDN,HONDA,
1414785495,FJL6037,NY,PAS,8/17/2016,50,SDN,HYUND,
7809507916,34719MG,NY,COM,12/8/2016,50,DELV,INTER,50-Crosswalk
7499593060,XBYW36,NJ,PAS,7/22/2016,50,DELV,ISUZU,50-Crosswalk
8466021980,GSC6098,NY,PAS,12/27/2016,50,4DSD,NISSA,50-Crosswalk
8543401689,HCP8932,NY,PAS,4/18/2017,50,4DSD,NISSA,50-Crosswalk
8162015656,GSS803,VT,PAS,9/1/2016,50,4DSD,TOYOT,50-Crosswalk
8526919210,GZD7447,NY,PAS,4/12/2017,50,4DSD,TOYOT,50-Crosswalk
8506053195,25868MB,NY,COM,1/25/2017,51,VAN,FORD,51-Sidewalk
8520767310,GHN6806,NY,PAS,5/26/2017,51,SUBN,SAAB,51-Sidewalk
7079854404,T656205C,NY,OMT,1/28/2017,51,4DSD,TOYOT,51-Sidewalk
1421055820,GAR2279,NY,PAS,6/10/2017,52,SDN,FORD,
7085899554,GUZ4334,NY,PAS,10/13/2016,53,SUBN,ACURA,53-Safety Zone
8478553514,XCMA58,NJ,PAS,12/15/2016,53,DELV,HINO,53-Safety Zone
8546101425,DF932Z,NY,PAS,4/10/2017,53,SUBN,LEXUS,53-Safety Zone
7007488663,VFP7291,VA,PAS,3/2/2017,53,4DSD,ME/BE,53-Safety Zone
1402409825,869ZR9,MA,999,10/15/2016,53,SUBN,SATUR,
8506603031,2383103,IN,PAS,2/1/2017,53,TRAC,VOLVO,53-Safety Zone
8480309064,51771JW,NY,COM,1/26/2017,64,VAN,INTER,"64-No STD Ex Con/DPL, D/S Dec"
8162054819,EW866X,NJ,PAS,1/29/2017,68,4DSD,NISSA,68-Not Pkg. Comp. w Psted Sign
8343032536,4CMH482,CA,PAS,10/3/2016,68,SUBN,SUBAR,68-Not Pkg. Comp. w Psted Sign
8084034959,ASW2109,NY,PAS,12/20/2016,68,4DSD,TOYOT,68-Not Pkg. Comp. w Psted Sign
8066506089,12047JY,NY,COM,7/1/2016,69,VAN,CHEVR,69-Failure to Disp Muni Recpt
8483275156,57309ME,NY,COM,6/7/2017,69,PICK,DODGE,69-Failure to Disp Muni Recpt
8481256500,21530JX,NY,COM,1/30/2017,69,VAN,FORD,69-Failure to Disp Muni Recpt
8513914599,65572JU,NY,COM,6/9/2017,69,VAN,FORD,69-Failure to Disp Muni Recpt
8479417420,AT459E,NJ,PAS,4/13/2017,69,DELV,FRUEH,69-Failure to Disp Muni Recpt
8479216670,D705HT,TN,PAS,4/11/2017,69,DELV,FRUEH,69-Failure to Disp Muni Recpt
8471301842,XZ223J,NJ,PAS,8/30/2016,69,DELV,FRUEH,69-Failure to Disp Muni Recpt
7268771216,63383JT,NY,COM,7/27/2016,69,VAN,GMC,69-Failure to Disp Muni Recpt
8476768746,91599ME,NY,COM,4/13/2017,69,REFG,HIN,69-Failure to Disp Muni Recpt
7868300310,37033JV,NY,COM,11/21/2016,69,DELV,INTER,69-Failure to Disp Muni Recpt
8077552250,AS299T,NJ,PAS,10/14/2016,69,DELV,INTER,69-Failure to Disp Muni Recpt
8116524124,XDYD73,NJ,PAS,10/6/2016,69,DELV,ISUZU,69-Failure to Disp Muni Recpt
7393476988,GGR9506,NY,PAS,7/20/2016,70,4DSD,AUDI,70A-Reg. Sticker Expired (NYS)
8527214490,GWG7018,NY,PAS,5/16/2017,70,SUBN,BMW,70A-Reg. Sticker Expired (NYS)
7077031019,GNV8363,NY,PAS,9/7/2016,70,SUBN,CADIL,70A-Reg. Sticker Expired (NYS)
8522772708,GWH8469,NY,PAS,4/20/2017,70,SUBN,CHRYS,70A-Reg. Sticker Expired (NYS)
8535702763,GTE6420,NY,PAS,3/24/2017,70,SUBN,FORD,70A-Reg. Sticker Expired (NYS)
7705894520,GYP6735,NY,OMS,10/2/2016,70,SUBN,FORD,70A-Reg. Sticker Expired (NYS)
8535150079,HMC7627,NY,PAS,3/8/2017,70,4DSD,HYUND,70A-Reg. Sticker Expired (NYS)
7541990206,HGL9860,NY,PAS,2/18/2017,70,SUBN,JEEP,70A-Reg. Sticker Expired (NYS)
7074250855,GBV6820,NY,PAS,11/5/2016,70,SUBN,ME/BE,70A-Reg. Sticker Expired (NYS)
8419012245,GVM6317,NY,PAS,1/27/2017,70,4DSD,ME/BE,70A-Reg. Sticker Expired (NYS)
8552067018,ACS8210,NY,PAS,6/23/2017,70,SUBN,NISSA,70A-Reg. Sticker Expired (NYS)
8490111753,GVH9098,NY,PAS,1/25/2017,70,4DSD,NISSA,70A-Reg. Sticker Expired (NYS)
1423568710,GPG1213,NY,PAS,3/19/2017,70,SDN,SUBAR,
8363531900,GTC2970,NY,PAS,2/8/2017,70,4DSD,TOYOT,70A-Reg. Sticker Expired (NYS)
8282021635,FBD7363,NY,PAS,9/10/2016,71,4DSD,ACURA,71A-Insp Sticker Expired (NYS)
8551100002,HLA6845,NY,PAS,4/5/2017,71,4DSD,BMW,71-Insp. Sticker Missing (NYS
8471891440,42530MG,NY,COM,2/28/2017,71,DELV,CHEVR,71A-Insp Sticker Expired (NYS)
8555150875,ETF9022,NY,PAS,5/2/2017,71,SUBN,CHEVR,71A-Insp Sticker Expired (NYS)
8188582906,GMT8516,NY,PAS,11/1/2016,71,PICK,CHEVR,71A-Insp Sticker Expired (NYS)
8206527321,HCD4100,NY,PAS,11/1/2016,71,SUBN,CHEVR,71A-Insp Sticker Expired (NYS)
8519013259,HNY7165,NY,PAS,5/16/2017,71,SUBN,CHEVR,71-Insp. Sticker Missing (NYS
8145014311,HJV3061,NY,PAS,12/13/2016,71,SUBN,CHRYS,71A-Insp Sticker Expired (NYS)
8548503257,GWB7005,NY,PAS,5/1/2017,71,4DSD,DODGE,71A-Insp Sticker Expired (NYS)
8235044468,FXX6545,NY,PAS,10/19/2016,71,SUBN,FORD,71A-Insp Sticker Expired (NYS)
7491184224,GAM6902,NY,PAS,4/7/2017,71,SUBN,FORD,71A-Insp Sticker Expired (NYS)
8559052999,GMR3386,NY,PAS,5/13/2017,71,SUBN,FORD,71A-Insp Sticker Expired (NYS)
8514728416,GYP8889,NY,PAS,5/28/2017,71,SUBN,FORD,71A-Insp Sticker Expired (NYS)
7162362357,GCE5560,NY,PAS,8/5/2016,71,2DSD,HONDA,71A-Insp Sticker Expired (NYS)
8486910511,GXC5916,NY,PAS,2/13/2017,71,4DSD,HONDA,71A-Insp Sticker Expired (NYS)
7959802142,HAE6612,NY,PAS,11/22/2016,71,4DSD,HONDA,71A-Insp Sticker Expired (NYS)
8474512311,HLA6246,NY,PAS,12/15/2016,71,4DSD,HONDA,71-Insp. Sticker Missing (NYS
1405823926,GDV1998,NY,PAS,5/1/2017,71,SUBN,HYUND,
8467031128,R9D509,NY,PAS,12/24/2016,71,SUBN,HYUND,71A-Insp Sticker Expired (NYS)
8378044166,HJV2326,NY,PAS,10/18/2016,71,4DSD,INFIN,71A-Insp Sticker Expired (NYS)
8535421774,EGZ5296,NY,PAS,5/21/2017,71,SUBN,JEEP,71A-Insp Sticker Expired (NYS)
8263642668,HEA6308,NY,PAS,2/16/2017,71,SUBN,JEEP,71A-Insp Sticker Expired (NYS)
7067047705,HFF1432,NY,PAS,9/23/2016,71,SUBN,JEEP,71A-Insp Sticker Expired (NYS)
8168032202,GZN5776,NY,PAS,8/3/2016,71,4DSD,LEXUS,71A-Insp Sticker Expired (NYS)
8507861787,HMY3697,NY,PAS,4/10/2017,71,SUBN,LEXUS,71A-Insp Sticker Expired (NYS)
8297047957,GUV7315,NY,PAS,12/3/2016,71,4DSD,LINCO,71A-Insp Sticker Expired (NYS)
8472853342,HJN6543,NY,PAS,10/4/2016,71,2DSD,LINCO,71A-Insp Sticker Expired (NYS)
8524860388,HGR2303,NY,PAS,4/10/2017,71,CONV,ME/BE,71A-Insp Sticker Expired (NYS)
8561753377,GWY8527,NY,PAS,5/26/2017,71,SUBN,MERCU,71A-Insp Sticker Expired (NYS)
8544876754,GBE4270,NY,PAS,5/24/2017,71,4DSD,NISSA,71A-Insp Sticker Expired (NYS)
7803960030,HBU4265,NY,PAS,1/7/2017,71,4DSD,NISSA,71A-Insp Sticker Expired (NYS)
7492597289,HDF5609,NY,PAS,8/19/2016,71,4DSD,NISSA,71A-Insp Sticker Expired (NYS)
8400523477,HKT1200,NY,PAS,11/28/2016,71,4DSD,NISSA,71-Insp. Sticker Missing (NYS
7646792536,T686872C,NY,OMT,9/14/2016,71,4DSD,NISSA,71A-Insp Sticker Expired (NYS)
8208026335,DHW7141,NY,PAS,8/5/2016,71,2DSD,NS/OT,71A-Insp Sticker Expired (NYS)
7959796476,GPY8489,NY,PAS,10/6/2016,71,SUBN,ROVER,71A-Insp Sticker Expired (NYS)
8509455028,34632BB,NY,OMR,2/12/2017,71,BUS,STAR,71A-Insp Sticker Expired (NYS)
8393022400,HFP5696,NY,PAS,11/16/2016,71,SUBN,SUBAR,71A-Insp Sticker Expired (NYS)
8525217207,HGM9849,NY,PAS,5/3/2017,71,SUBN,SUBAR,71A-Insp Sticker Expired (NYS)
8562558047,CWP4893,NY,PAS,6/1/2017,71,SUBN,TOYOT,71A-Insp Sticker Expired (NYS)
8236037095,GMR8112,NY,PAS,9/17/2016,71,2DSD,TOYOT,71A-Insp Sticker Expired (NYS)
8514463690,GMZ9712,NY,PAS,3/30/2017,71,4DSD,TOYOT,71A-Insp Sticker Expired (NYS)
8358550790,HDY4158,NY,PAS,2/18/2017,71,4DSD,TOYOT,71A-Insp Sticker Expired (NYS)
7959486440,GYF2052,NY,PAS,7/7/2016,71,4DSD,VOLKS,71-Insp. Sticker Missing (NYS
8300538318,HFR6545,NY,PAS,10/31/2016,71,4DSD,VOLVO,71-Insp. Sticker Missing (NYS
8523013120,HPN9774,NY,PAS,4/6/2017,74,4DSD,CHEVR,74-Missing Display Plate
7008336767,HWL4734,PA,PAS,1/14/2017,74,4DSD,CHEVR,74A-Improperly Displayed Plate
8397514636,FYW3850,NY,PAS,10/22/2016,74,SUBN,FORD,74A-Improperly Displayed Plate
8528912840,HNY5206,NY,PAS,4/21/2017,74,SUBN,GMC,74A-Improperly Displayed Plate
8511501113,FBP6836,NY,PAS,2/16/2017,74,SUBN,HONDA,74-Missing Display Plate
8276551890,HJR4081,NY,PAS,1/7/2017,74,SUBN,HONDA,74A-Improperly Displayed Plate
8214550531,HJY2207,NY,PAS,3/9/2017,74,4DSD,HYUND,74-Missing Display Plate
8487469012,27527ME,NY,COM,1/27/2017,74,DELV,INTER,74-Missing Display Plate
8034780236,HCD3158,NY,PAS,9/2/2016,74,SUBN,KIA,74A-Improperly Displayed Plate
8545052455,HMK1149,NY,PAS,6/7/2017,74,4DSD,ME/BE,74-Missing Display Plate
1411263467,BLANKPLATE,99,999,2/13/2017,74,SDN,NISSA,
8540001550,HLA4803,NY,PAS,3/23/2017,74,4DSD,SAAB,74-Missing Display Plate
8556155431,HFB9919,NY,PAS,5/26/2017,75,4DSD,DODGE,75-No Match-Plate/Reg. Sticker
8394016790,31690BB,NY,OMR,9/6/2016,77,BUS,AM/T,77-Parked Bus (exc desig area)
1419472306,56090BA,NY,OMR,2/20/2017,77,BUS,INTER,
8363508688,97256,MA,APP,8/13/2016,77,BUS,NS/OT,77-Parked Bus (exc desig area)
1407740258,2513JMG,NY,COM,1/11/2017,78,DELV,FRUEH,
8081047670,AG84195,AZ,PAS,9/1/2016,78,DELV,GMC,78-Nighttime PKG on Res Street
8357010039,ZBK5659,PA,PAS,9/16/2016,78,FLAT,NS/OT,78-Nighttime PKG on Res Street
1408164401,GCP8663,NY,PAS,9/30/2016,80,SUBN,CHEVR,
7065087220,35989MJ,NY,COM,8/28/2016,82,VAN,CHEVR,82-Unaltered Commerc Vehicle
8472028628,80921MH,NY,COM,1/30/2017,82,VAN,CHEVR,82-Unaltered Commerc Vehicle
8413507250,XCGT11,NJ,PAS,10/18/2016,82,PICK,CHEVR,82-Unaltered Commerc Vehicle
8498413898,2028133,IN,PAS,5/24/2017,84,DELV,FRUEH,84-Platform lifts in low posit
8484405837,2028134,IN,PAS,2/15/2017,84,DELV,FRUEH,84-Platform lifts in low posit
8040125108,AT985A,NJ,PAS,8/29/2016,84,DELV,FRUEH,84-Platform lifts in low posit
8521821979,XJX4470,PA,PAS,5/18/2017,84,TR/C,FRUEH,84-Platform lifts in low posit
7662741072,XY237D,NJ,PAS,8/9/2016,84,DELV,HINO,84-Platform lifts in low posit
8529157072,2380604,IN,PAS,3/29/2017,84,DELV,INTER,84-Platform lifts in low posit
8354508808,21239MG,NY,COM,9/9/2016,84,DELV,MI/F,84-Platform lifts in low posit
1414702700,AT785J,NJ,PAS,11/27/2016,85,TRAC,FRUEH,
8466533837,XANK50,NJ,PAS,4/29/2017,85,DELV,HIN,85-Storage-3 hour Commercial
8525168063,HBN8474,NY,PAS,5/30/2017,91,SUBN,HONDA,91-Veh for Sale (Dealer Only)
1420730010,GFW3620,NY,PAS,6/10/2017,98,SUBN,CHEVR,
1414049870,EJS4309,NY,PAS,8/5/2016,98,SDN,NISSA,
1420795430,HBS5720,NY,PAS,4/18/2017,98,SDN,NISSA,
